epoch,accuracy,loss,val_accuracy,val_loss,run,optimizer,learning_rate,l2,dropout
1,0.5584062337875366,1.6256290674209595,0.5126724243164062,0.9972417950630188,Baseline,Adam,0.001,0.0,0.0
2,0.6086993217468262,1.131314992904663,0.5351299047470093,0.9395609498023987,Baseline,Adam,0.001,0.0,0.0
3,0.6224619746208191,0.9720506072044373,0.5046519041061401,0.905421257019043,Baseline,Adam,0.001,0.0,0.0
4,0.6182991862297058,0.9368106722831726,0.525826096534729,0.8888843655586243,Baseline,Adam,0.001,0.0,0.0
5,0.6257752180099487,0.8769529461860657,0.5110683441162109,0.8770717978477478,Baseline,Adam,0.001,0.0,0.0
6,0.6333361864089966,0.786984920501709,0.5338466763496399,0.8420207500457764,Baseline,Adam,0.001,0.0,0.0
7,0.6253504157066345,0.7754029035568237,0.5126724243164062,0.9094446897506714,Baseline,Adam,0.001,0.0,0.0
8,0.6334211230278015,0.7164653539657593,0.5299968123435974,0.8823161721229553,Baseline,Adam,0.001,0.0,0.0
9,0.6426811814308167,0.686375081539154,0.5024061799049377,0.9154585003852844,Baseline,Adam,0.001,0.0,0.0
10,0.6414918303489685,0.6747830510139465,0.47128650546073914,0.9431061744689941,Baseline,Adam,0.001,0.0,0.0
11,0.6453147530555725,0.6341030597686768,0.564324676990509,0.9079912304878235,Baseline,Adam,0.001,0.0,0.0
12,0.6510916948318481,0.6298460364341736,0.5688161849975586,0.9709807634353638,Baseline,Adam,0.001,0.0,0.0
13,0.6493076086044312,0.5989184379577637,0.5152390003204346,0.9893682599067688,Baseline,Adam,0.001,0.0,0.0
14,0.6553394198417664,0.6051910519599915,0.5556625127792358,1.0116031169891357,Baseline,Adam,0.001,0.0,0.0
15,0.6595021486282349,0.569475531578064,0.5290343165397644,1.1148080825805664,Baseline,Adam,0.001,0.0,0.0
16,0.6617109775543213,0.5357339382171631,0.5287135243415833,1.133103609085083,Baseline,Adam,0.001,0.0,0.0
17,0.6603516936302185,0.5537165999412537,0.5556625127792358,1.1421047449111938,Baseline,Adam,0.001,0.0,0.0
18,0.6645144820213318,0.5177804827690125,0.5463587045669556,1.2191356420516968,Baseline,Adam,0.001,0.0,0.0
19,0.6724152565002441,0.49657735228538513,0.5697786211967468,1.2357813119888306,Baseline,Adam,0.001,0.0,0.0
20,0.6725851893424988,0.49153968691825867,0.5453962087631226,1.3089568614959717,Baseline,Adam,0.001,0.0,0.0
21,0.6742842793464661,0.47058671712875366,0.5437921285629272,1.1770849227905273,Baseline,Adam,0.001,0.0,0.0
22,0.6804009675979614,0.4552866220474243,0.5373756885528564,1.3089118003845215,Baseline,Adam,0.001,0.0,0.0
23,0.6885566115379333,0.43438592553138733,0.5370548367500305,1.5006335973739624,Baseline,Adam,0.001,0.0,0.0
24,0.6886415481567383,0.42843097448349,0.5068976283073425,1.5096503496170044,Baseline,Adam,0.001,0.0,0.0
25,0.691190242767334,0.41077950596809387,0.5505293607711792,1.4595483541488647,Baseline,Adam,0.001,0.0,0.0
26,0.6949282288551331,0.4021438956260681,0.5829322934150696,1.6544259786605835,Baseline,Adam,0.001,0.0,0.0
27,0.6924645304679871,0.3923565149307251,0.5367340445518494,1.7360776662826538,Baseline,Adam,0.001,0.0,0.0
28,0.6998555660247803,0.390212744474411,0.555983304977417,1.5874269008636475,Baseline,Adam,0.001,0.0,0.0
29,0.6922945976257324,0.531435489654541,0.5040102601051331,1.4621268510818481,Baseline,Adam,0.001,0.0,0.0
30,0.6876221299171448,0.48238903284072876,0.5518126487731934,1.601308822631836,Baseline,Adam,0.001,0.0,0.0
31,0.6959476470947266,0.41056790947914124,0.5399422645568848,1.7637656927108765,Baseline,Adam,0.001,0.0,0.0
32,0.7137881517410278,0.3637506663799286,0.5354507565498352,1.7406704425811768,Baseline,Adam,0.001,0.0,0.0
33,0.7150624394416809,0.34508517384529114,0.5598331689834595,1.8058276176452637,Baseline,Adam,0.001,0.0,0.0
34,0.7166765928268433,0.338150292634964,0.5389797687530518,1.8318315744400024,Baseline,Adam,0.001,0.0,0.0
35,0.7176960110664368,0.33220258355140686,0.5463587045669556,1.853359341621399,Baseline,Adam,0.001,0.0,0.0
36,0.7216889262199402,0.3218288719654083,0.5723451972007751,1.9677780866622925,Baseline,Adam,0.001,0.0,0.0
37,0.7210092544555664,0.3226858675479889,0.5354507565498352,1.9908894300460815,Baseline,Adam,0.001,0.0,0.0
38,0.7155721783638,0.36576709151268005,0.5360924005508423,1.7731865644454956,Baseline,Adam,0.001,0.0,0.0
39,0.7222836017608643,0.33215638995170593,0.5514917969703674,1.8548516035079956,Baseline,Adam,0.001,0.0,0.0
40,0.7288250923156738,0.30828696489334106,0.5566249489784241,1.9892094135284424,Baseline,Adam,0.001,0.0,0.0
41,0.7323931455612183,0.3022952377796173,0.5537375807762146,2.007719039916992,Baseline,Adam,0.001,0.0,0.0
42,0.7360461950302124,0.29056382179260254,0.5550208687782288,2.072399377822876,Baseline,Adam,0.001,0.0,0.0
43,0.7392745018005371,0.28426840901374817,0.5498877167701721,2.115899085998535,Baseline,Adam,0.001,0.0,0.0
44,0.7417381405830383,0.2823195457458496,0.5393006205558777,2.2115378379821777,Baseline,Adam,0.001,0.0,0.0
45,0.7471752762794495,0.2789449095726013,0.5460378527641296,2.0783824920654297,Baseline,Adam,0.001,0.0,0.0
46,0.7431824207305908,0.2860128581523895,0.5466794967651367,2.261824131011963,Baseline,Adam,0.001,0.0,0.0
47,0.7521875500679016,0.27872124314308167,0.5399422645568848,2.2014033794403076,Baseline,Adam,0.001,0.0,0.0
48,0.7509981989860535,0.2809865176677704,0.5607956647872925,2.2696213722229004,Baseline,Adam,0.001,0.0,0.0
49,0.753716766834259,0.2753167748451233,0.5614373087882996,2.46543288230896,Baseline,Adam,0.001,0.0,0.0
50,0.7515928745269775,0.2716534435749054,0.5675328969955444,2.4317374229431152,Baseline,Adam,0.001,0.0,0.0
1,0.5091326236724854,1.8582531213760376,0.2877767086029053,1.40351140499115,GD-1,SGD,0.1,0.0,0.0
2,0.5435392260551453,1.505195140838623,0.447224885225296,1.1213016510009766,GD-1,SGD,0.1,0.0,0.0
3,0.5412454605102539,1.3901311159133911,0.2649984061717987,1.483351469039917,GD-1,SGD,0.1,0.0,0.0
4,0.5200067758560181,1.4861806631088257,0.10747513920068741,1.4455169439315796,GD-1,SGD,0.1,0.0,0.0
5,0.5105768442153931,1.3812977075576782,0.27654796838760376,1.354190468788147,GD-1,SGD,0.1,0.0,0.0
6,0.4946053922176361,1.3600682020187378,0.4010266363620758,1.1822824478149414,GD-1,SGD,0.1,0.0,0.0
7,0.5113414525985718,1.3322291374206543,0.4382418990135193,1.1016420125961304,GD-1,SGD,0.1,0.0,0.0
8,0.5156741142272949,1.3546866178512573,0.4359961450099945,1.2758351564407349,GD-1,SGD,0.1,0.0,0.0
9,0.5244244337081909,1.344361424446106,0.428938090801239,1.1928822994232178,GD-1,SGD,0.1,0.0,0.0
10,0.5412454605102539,1.288386344909668,0.3753609359264374,1.0870307683944702,GD-1,SGD,0.1,0.0,0.0
11,0.5471072793006897,1.2917104959487915,0.5277510285377502,1.0376180410385132,GD-1,SGD,0.1,0.0,0.0
12,0.5408206582069397,1.2920516729354858,0.45139557123184204,1.0533511638641357,GD-1,SGD,0.1,0.0,0.0
13,0.5533089637756348,1.2284810543060303,0.5232595205307007,0.9982105493545532,GD-1,SGD,0.1,0.0,0.0
14,0.5583212971687317,1.2089087963104248,0.5332050323486328,1.0132114887237549,GD-1,SGD,0.1,0.0,0.0
15,0.5477869510650635,1.1848593950271606,0.4430542290210724,1.1394163370132446,GD-1,SGD,0.1,0.0,0.0
16,0.5091326236724854,1.2821807861328125,0.39910170435905457,1.1897302865982056,GD-1,SGD,0.1,0.0,0.0
17,0.4671650528907776,1.5225167274475098,0.3660570979118347,1.263183355331421,GD-1,SGD,0.1,0.0,0.0
18,0.5036105513572693,1.35283362865448,0.36381134390830994,1.0822006464004517,GD-1,SGD,0.1,0.0,0.0
19,0.5267181992530823,1.3817039728164673,0.5389797687530518,1.142424464225769,GD-1,SGD,0.1,0.0,0.0
20,0.5212811231613159,1.8680338859558105,0.47449469566345215,1.2904424667358398,GD-1,SGD,0.1,0.0,0.0
21,0.4720924198627472,1.45272696018219,0.45075392723083496,1.1120418310165405,GD-1,SGD,0.1,0.0,0.0
22,0.3841644823551178,1.7513670921325684,0.32820019125938416,1.410549283027649,GD-1,SGD,0.1,0.0,0.0
23,0.33871379494667053,1.6045221090316772,0.3500160276889801,1.3187061548233032,GD-1,SGD,0.1,0.0,0.0
24,0.34788888692855835,1.614109754562378,0.3156881630420685,1.288454532623291,GD-1,SGD,0.1,0.0,0.0
25,0.3495030105113983,1.5825724601745605,0.2845684885978699,1.2617427110671997,GD-1,SGD,0.1,0.0,0.0
26,0.3497578799724579,1.577173113822937,0.3429579734802246,1.2543164491653442,GD-1,SGD,0.1,0.0,0.0
27,0.3532410264015198,1.5695922374725342,0.3166506290435791,1.29511296749115,GD-1,SGD,0.1,0.0,0.0
28,0.34856852889060974,1.5638099908828735,0.34488290548324585,1.2574108839035034,GD-1,SGD,0.1,0.0,0.0
29,0.3563843369483948,1.5663106441497803,0.316008985042572,1.2837927341461182,GD-1,SGD,0.1,0.0,0.0
30,0.34933310747146606,1.5579878091812134,0.3403913974761963,1.268064260482788,GD-1,SGD,0.1,0.0,0.0
31,0.3571489155292511,1.5591630935668945,0.3628489077091217,1.2620365619659424,GD-1,SGD,0.1,0.0,0.0
32,0.35867810249328613,1.5557819604873657,0.29066410660743713,1.2854139804840088,GD-1,SGD,0.1,0.0,0.0
33,0.3631806969642639,1.5414605140686035,0.34905359148979187,1.2714794874191284,GD-1,SGD,0.1,0.0,0.0
34,0.37108147144317627,1.5296783447265625,0.30349695682525635,1.2466137409210205,GD-1,SGD,0.1,0.0,0.0
35,0.36360546946525574,1.5253536701202393,0.32242539525032043,1.346356987953186,GD-1,SGD,0.1,0.0,0.0
36,0.37244075536727905,1.4880717992782593,0.3259544372558594,1.221433401107788,GD-1,SGD,0.1,0.0,0.0
37,0.3758389353752136,1.5413576364517212,0.31215912103652954,1.2768008708953857,GD-1,SGD,0.1,0.0,0.0
38,0.3715062439441681,1.5240576267242432,0.3339749872684479,1.254952311515808,GD-1,SGD,0.1,0.0,0.0
39,0.37413984537124634,1.7308497428894043,0.34424126148223877,1.2602753639221191,GD-1,SGD,0.1,0.0,0.0
40,0.37278056144714355,1.508928894996643,0.33205005526542664,1.225948452949524,GD-1,SGD,0.1,0.0,0.0
41,0.36997705698013306,1.5407010316848755,0.32659608125686646,1.3466049432754517,GD-1,SGD,0.1,0.0,0.0
42,0.3512021005153656,1.588592290878296,0.35996150970458984,1.2478028535842896,GD-1,SGD,0.1,0.0,0.0
43,0.3641152083873749,1.5428801774978638,0.34392043948173523,1.294739007949829,GD-1,SGD,0.1,0.0,0.0
44,0.3698071539402008,1.527513861656189,0.32114213705062866,1.3685815334320068,GD-1,SGD,0.1,0.0,0.0
45,0.3654744625091553,1.5282002687454224,0.3054218888282776,1.2858707904815674,GD-1,SGD,0.1,0.0,0.0
46,0.3754141628742218,1.49738347530365,0.21302534639835358,1.487052321434021,GD-1,SGD,0.1,0.0,0.0
47,0.3704018294811249,1.6179826259613037,0.3022136688232422,1.2795137166976929,GD-1,SGD,0.1,0.0,0.0
48,0.37660351395606995,1.5165327787399292,0.34071221947669983,1.3318755626678467,GD-1,SGD,0.1,0.0,0.0
49,0.3726106584072113,1.5142990350723267,0.3317292332649231,1.2968637943267822,GD-1,SGD,0.1,0.0,0.0
50,0.3758389353752136,1.5177677869796753,0.3554700016975403,1.3086987733840942,GD-1,SGD,0.1,0.0,0.0
1,0.2958117425441742,1.7867138385772705,0.28521013259887695,1.664387583732605,GD-2,SGD,0.01,0.0,0.0
2,0.5059893131256104,1.5759837627410889,0.4940648078918457,1.2401107549667358,GD-2,SGD,0.01,0.0,0.0
3,0.5892447829246521,1.3249350786209106,0.4940648078918457,1.3797355890274048,GD-2,SGD,0.01,0.0,0.0
4,0.606830358505249,1.2182103395462036,0.5283926725387573,1.0901423692703247,GD-2,SGD,0.01,0.0,0.0
5,0.6090391874313354,1.1093623638153076,0.5277510285377502,1.1063259840011597,GD-2,SGD,0.01,0.0,0.0
6,0.615580677986145,1.0700807571411133,0.548604428768158,0.9152054190635681,GD-2,SGD,0.01,0.0,0.0
7,0.6128621101379395,1.013145923614502,0.5187680721282959,0.8998816609382629,GD-2,SGD,0.01,0.0,0.0
8,0.6140514612197876,0.9831134676933289,0.548604428768158,0.9530040621757507,GD-2,SGD,0.01,0.0,0.0
9,0.6197434663772583,0.9447082877159119,0.5062560439109802,1.059690237045288,GD-2,SGD,0.01,0.0,0.0
10,0.6236513257026672,0.8609994053840637,0.5162014961242676,0.8694419264793396,GD-2,SGD,0.01,0.0,0.0
11,0.6226319074630737,0.8424647450447083,0.540904700756073,0.8311202526092529,GD-2,SGD,0.01,0.0,0.0
12,0.6241610646247864,0.9651466608047485,0.5287135243415833,0.9113481044769287,GD-2,SGD,0.01,0.0,0.0
13,0.6288335919380188,0.8022862672805786,0.5271093845367432,0.8862184882164001,GD-2,SGD,0.01,0.0,0.0
14,0.6284087896347046,0.8164248466491699,0.540904700756073,1.0061354637145996,GD-2,SGD,0.01,0.0,0.0
15,0.6267096996307373,0.8221489191055298,0.5383381247520447,0.9188387989997864,GD-2,SGD,0.01,0.0,0.0
16,0.6314671635627747,0.7517575025558472,0.5277510285377502,0.8475995659828186,GD-2,SGD,0.01,0.0,0.0
17,0.6301928758621216,0.7224474549293518,0.5444337725639343,0.849328339099884,GD-2,SGD,0.01,0.0,0.0
18,0.6357998251914978,0.7056361436843872,0.5242220163345337,0.866281270980835,GD-2,SGD,0.01,0.0,0.0
19,0.6371591091156006,0.6938060522079468,0.548604428768158,0.8898531794548035,GD-2,SGD,0.01,0.0,0.0
20,0.6363945007324219,0.6702309846878052,0.541867196559906,0.9097143411636353,GD-2,SGD,0.01,0.0,0.0
21,0.6354600191116333,0.6629427075386047,0.5425088405609131,0.8781677484512329,GD-2,SGD,0.01,0.0,0.0
22,0.6343556046485901,0.7791278958320618,0.5091434121131897,0.9438008666038513,GD-2,SGD,0.01,0.0,0.0
23,0.6341007351875305,0.7425113320350647,0.5097850561141968,0.9560731053352356,GD-2,SGD,0.01,0.0,0.0
24,0.6356299519538879,0.6815590858459473,0.5219762325286865,0.8889272212982178,GD-2,SGD,0.01,0.0,0.0
25,0.6354600191116333,0.644659161567688,0.5162014961242676,0.8849833011627197,GD-2,SGD,0.01,0.0,0.0
26,0.6391980051994324,0.6171075105667114,0.5688161849975586,0.9184473156929016,GD-2,SGD,0.01,0.0,0.0
27,0.6422563791275024,0.6239401698112488,0.5386589765548706,0.9319131374359131,GD-2,SGD,0.01,0.0,0.0
28,0.6444652080535889,0.6087306141853333,0.5470003485679626,0.905916154384613,GD-2,SGD,0.01,0.0,0.0
29,0.6423413753509521,0.6076774597167969,0.5466794967651367,0.958346426486969,GD-2,SGD,0.01,0.0,0.0
30,0.6453996896743774,0.5844852924346924,0.555983304977417,0.9596995711326599,GD-2,SGD,0.01,0.0,0.0
31,0.6476934552192688,0.5806801319122314,0.5479627847671509,0.9598349928855896,GD-2,SGD,0.01,0.0,0.0
32,0.6517713069915771,0.5709391832351685,0.5197305083274841,0.9436845779418945,GD-2,SGD,0.01,0.0,0.0
33,0.6492226719856262,0.5600025057792664,0.549246072769165,1.0211737155914307,GD-2,SGD,0.01,0.0,0.0
34,0.6551694869995117,0.5515864491462708,0.5405839085578918,0.9723401069641113,GD-2,SGD,0.01,0.0,0.0
35,0.6522810459136963,0.5421031713485718,0.5421879887580872,1.0225365161895752,GD-2,SGD,0.01,0.0,0.0
36,0.6533854603767395,0.5351182818412781,0.549246072769165,0.9586394429206848,GD-2,SGD,0.01,0.0,0.0
37,0.6587375998497009,0.5333873629570007,0.5344882607460022,0.996117889881134,GD-2,SGD,0.01,0.0,0.0
38,0.6555092930793762,0.5222010016441345,0.5466794967651367,1.0714234113693237,GD-2,SGD,0.01,0.0,0.0
39,0.659332275390625,0.522970974445343,0.5463587045669556,0.9931525588035583,GD-2,SGD,0.01,0.0,0.0
40,0.6600968241691589,0.5126327872276306,0.5322425365447998,1.015376091003418,GD-2,SGD,0.01,0.0,0.0
41,0.6578030586242676,0.5132404565811157,0.5360924005508423,1.0695278644561768,GD-2,SGD,0.01,0.0,0.0
42,0.6615411043167114,0.5039138793945312,0.5463587045669556,1.0716649293899536,GD-2,SGD,0.01,0.0,0.0
43,0.6622207164764404,0.49779629707336426,0.5595123767852783,1.0723527669906616,GD-2,SGD,0.01,0.0,0.0
44,0.6689321398735046,0.49116185307502747,0.5566249489784241,1.0418039560317993,GD-2,SGD,0.01,0.0,0.0
45,0.6669781804084778,0.4884404242038727,0.5354507565498352,1.1108593940734863,GD-2,SGD,0.01,0.0,0.0
46,0.6664684414863586,0.48360830545425415,0.5460378527641296,1.1254277229309082,GD-2,SGD,0.01,0.0,0.0
47,0.6708011031150818,0.4781537652015686,0.5242220163345337,1.1166553497314453,GD-2,SGD,0.01,0.0,0.0
48,0.669441819190979,0.47445571422576904,0.555983304977417,1.1362234354019165,GD-2,SGD,0.01,0.0,0.0
49,0.6713108420372009,0.4708648920059204,0.5460378527641296,1.1525245904922485,GD-2,SGD,0.01,0.0,0.0
50,0.6724152565002441,0.4676312506198883,0.564324676990509,1.1444315910339355,GD-2,SGD,0.01,0.0,0.0
1,0.1822275072336197,1.8343514204025269,0.17228104174137115,1.4823349714279175,GD-3,SGD,0.001,0.0,0.0
2,0.1703338772058487,1.737017035484314,0.19441771507263184,1.4609390497207642,GD-3,SGD,0.001,0.0,0.0
3,0.19896355271339417,1.6879323720932007,0.21366699039936066,1.454340934753418,GD-3,SGD,0.001,0.0,0.0
4,0.22241100668907166,1.6443827152252197,0.24318253993988037,1.4301594495773315,GD-3,SGD,0.001,0.0,0.0
5,0.2564777731895447,1.6057122945785522,0.26692333817481995,1.4157037734985352,GD-3,SGD,0.001,0.0,0.0
6,0.288420706987381,1.566658616065979,0.29547640681266785,1.3824459314346313,GD-3,SGD,0.001,0.0,0.0
7,0.32894402742385864,1.5327465534210205,0.3156881630420685,1.372442364692688,GD-3,SGD,0.001,0.0,0.0
8,0.35986748337745667,1.4977370500564575,0.3403913974761963,1.3521515130996704,GD-3,SGD,0.001,0.0,0.0
9,0.39308470487594604,1.4609688520431519,0.3622072637081146,1.3399351835250854,GD-3,SGD,0.001,0.0,0.0
10,0.42111968994140625,1.4250211715698242,0.3747192919254303,1.3045817613601685,GD-3,SGD,0.001,0.0,0.0
11,0.4426132142543793,1.381622552871704,0.39172279834747314,1.2505732774734497,GD-3,SGD,0.001,0.0,0.0
12,0.4647863507270813,1.3644254207611084,0.4119345545768738,1.2682702541351318,GD-3,SGD,0.001,0.0,0.0
13,0.486874520778656,1.3207957744598389,0.4238049387931824,1.2286951541900635,GD-3,SGD,0.001,0.0,0.0
14,0.5033556818962097,1.29659104347229,0.43888354301452637,1.2259665727615356,GD-3,SGD,0.001,0.0,0.0
15,0.5195820331573486,1.2606289386749268,0.45877447724342346,1.2089613676071167,GD-3,SGD,0.001,0.0,0.0
16,0.5356384515762329,1.2261606454849243,0.4683991074562073,1.1612027883529663,GD-3,SGD,0.001,0.0,0.0
17,0.5451533198356628,1.205415964126587,0.47609880566596985,1.1397942304611206,GD-3,SGD,0.001,0.0,0.0
18,0.5564522743225098,1.1766176223754883,0.4870067238807678,1.1107755899429321,GD-3,SGD,0.001,0.0,0.0
19,0.5635035037994385,1.156501054763794,0.4998396039009094,1.1327645778656006,GD-3,SGD,0.001,0.0,0.0
20,0.5714042782783508,1.130105972290039,0.5072184801101685,1.0956951379776,GD-3,SGD,0.001,0.0,0.0
21,0.5767564177513123,1.1072951555252075,0.511709988117218,1.0783582925796509,GD-3,SGD,0.001,0.0,0.0
22,0.5821935534477234,1.0897259712219238,0.5145973563194275,1.099552035331726,GD-3,SGD,0.001,0.0,0.0
23,0.5848271250724792,1.0682686567306519,0.5110683441162109,1.0729714632034302,GD-3,SGD,0.001,0.0,0.0
24,0.5877155661582947,1.0538854598999023,0.5142765641212463,1.0454829931259155,GD-3,SGD,0.001,0.0,0.0
25,0.5891597867012024,1.0368797779083252,0.5168431401252747,1.01809823513031,GD-3,SGD,0.001,0.0,0.0
26,0.5919632911682129,1.022749900817871,0.5162014961242676,1.005786418914795,GD-3,SGD,0.001,0.0,0.0
27,0.5940871834754944,1.0098639726638794,0.5174847841262817,1.0341025590896606,GD-3,SGD,0.001,0.0,0.0
28,0.5951915979385376,0.9985577464103699,0.5203721523284912,1.0048445463180542,GD-3,SGD,0.001,0.0,0.0
29,0.5988446474075317,0.9840011596679688,0.5178055763244629,1.0034044981002808,GD-3,SGD,0.001,0.0,0.0
30,0.5994393229484558,0.9702111482620239,0.5235803723335266,0.9792107343673706,GD-3,SGD,0.001,0.0,0.0
31,0.601223349571228,0.9639734625816345,0.5200513601303101,0.9748681783676147,GD-3,SGD,0.001,0.0,0.0
32,0.6024127006530762,0.954154908657074,0.5197305083274841,0.977849006652832,GD-3,SGD,0.001,0.0,0.0
33,0.6026675701141357,0.9429134726524353,0.519088864326477,0.9649718403816223,GD-3,SGD,0.001,0.0,0.0
34,0.6025826334953308,0.9294230341911316,0.5226178765296936,0.9403508305549622,GD-3,SGD,0.001,0.0,0.0
35,0.6008835434913635,0.9244073033332825,0.5232595205307007,0.9889406561851501,GD-3,SGD,0.001,0.0,0.0
36,0.6048763990402222,0.9073878526687622,0.5232595205307007,0.9228395223617554,GD-3,SGD,0.001,0.0,0.0
37,0.604366660118103,0.9150010943412781,0.5229387283325195,0.9447498917579651,GD-3,SGD,0.001,0.0,0.0
38,0.604451596736908,0.900478720664978,0.5306384563446045,0.9279707670211792,GD-3,SGD,0.001,0.0,0.0
39,0.6061506867408752,0.8963842988014221,0.5277510285377502,0.9311334490776062,GD-3,SGD,0.001,0.0,0.0
40,0.607509970664978,0.885291337966919,0.5283926725387573,0.9214901328086853,GD-3,SGD,0.001,0.0,0.0
41,0.6055560111999512,0.8817355632781982,0.5309592485427856,0.9489680528640747,GD-3,SGD,0.001,0.0,0.0
42,0.6088692545890808,0.8716162443161011,0.5277510285377502,0.9047899842262268,GD-3,SGD,0.001,0.0,0.0
43,0.6104834079742432,0.8712964057922363,0.5277510285377502,0.9254404306411743,GD-3,SGD,0.001,0.0,0.0
44,0.610058605670929,0.8656577467918396,0.5283926725387573,0.9175412654876709,GD-3,SGD,0.001,0.0,0.0
45,0.61243736743927,0.8604650497436523,0.5274302363395691,0.9031276106834412,GD-3,SGD,0.001,0.0,0.0
46,0.6109081506729126,0.8534367084503174,0.5328841805458069,0.9143455028533936,GD-3,SGD,0.001,0.0,0.0
47,0.6120125651359558,0.8510016798973083,0.5316008925437927,0.9236800074577332,GD-3,SGD,0.001,0.0,0.0
48,0.6135417819023132,0.8449222445487976,0.5306384563446045,0.8987630009651184,GD-3,SGD,0.001,0.0,0.0
49,0.6141364574432373,0.8417524099349976,0.5316008925437927,0.9041328430175781,GD-3,SGD,0.001,0.0,0.0
50,0.6143063306808472,0.8363619446754456,0.5322425365447998,0.8934288024902344,GD-3,SGD,0.001,0.0,0.0
1,0.5605301260948181,1.8508363962173462,0.5110683441162109,1.1779847145080566,L2,Adam,0.001,0.001,0.0
2,0.6066604256629944,1.320867896080017,0.5348091125488281,1.1108734607696533,L2,Adam,0.001,0.001,0.0
3,0.6222921013832092,1.1629329919815063,0.5136349201202393,1.0766445398330688,L2,Adam,0.001,0.001,0.0
4,0.6215274930000305,1.105795979499817,0.5312801003456116,1.053881049156189,L2,Adam,0.001,0.001,0.0
5,0.6284937262535095,1.0172874927520752,0.5210137963294983,1.039807677268982,L2,Adam,0.001,0.001,0.0
6,0.6296831369400024,0.9572345018386841,0.5376964807510376,0.9952952265739441,L2,Adam,0.001,0.001,0.0
7,0.6277291774749756,0.9919870495796204,0.5213345885276794,1.0499725341796875,L2,Adam,0.001,0.001,0.0
8,0.6278141140937805,0.9234472513198853,0.5364131927490234,1.0439128875732422,L2,Adam,0.001,0.001,0.0
9,0.6329963207244873,0.8923587799072266,0.5187680721282959,1.0488250255584717,L2,Adam,0.001,0.001,0.0
10,0.6419165730476379,0.8741394877433777,0.4655117094516754,1.0686601400375366,L2,Adam,0.001,0.001,0.0
11,0.6399626135826111,0.8320406079292297,0.5614373087882996,1.0077468156814575,L2,Adam,0.001,0.001,0.0
12,0.6441254019737244,0.8234661221504211,0.5672120451927185,1.1040091514587402,L2,Adam,0.001,0.001,0.0
13,0.6429360508918762,0.8003595471382141,0.5383381247520447,1.0683058500289917,L2,Adam,0.001,0.001,0.0
14,0.6450598835945129,0.8269863128662109,0.5611164569854736,1.1216529607772827,L2,Adam,0.001,0.001,0.0
15,0.6471837759017944,0.7916100025177002,0.511709988117218,1.184229850769043,L2,Adam,0.001,0.001,0.0
16,0.6453996896743774,0.8018428683280945,0.5155598521232605,1.1409765481948853,L2,Adam,0.001,0.001,0.0
17,0.6426811814308167,0.8100568652153015,0.5630413889884949,1.1081037521362305,L2,Adam,0.001,0.001,0.0
18,0.6509217619895935,0.7447875738143921,0.5412255525588989,1.189450979232788,L2,Adam,0.001,0.001,0.0
19,0.6511766314506531,0.7344164848327637,0.5665704011917114,1.1766992807388306,L2,Adam,0.001,0.001,0.0
20,0.6549146175384521,0.7184280753135681,0.5431504845619202,1.2934726476669312,L2,Adam,0.001,0.001,0.0
21,0.6573783159255981,0.7131428122520447,0.5652871131896973,1.1507658958435059,L2,Adam,0.001,0.001,0.0
22,0.6577181220054626,0.6997776627540588,0.5197305083274841,1.1947816610336304,L2,Adam,0.001,0.001,0.0
23,0.6664684414863586,0.6815525889396667,0.5495668649673462,1.3002567291259766,L2,Adam,0.001,0.001,0.0
24,0.6645994186401367,0.6784026026725769,0.5396214127540588,1.232657551765442,L2,Adam,0.001,0.001,0.0
25,0.664939284324646,0.6715187430381775,0.5563041567802429,1.1763906478881836,L2,Adam,0.001,0.001,0.0
26,0.6651940941810608,0.6699851155281067,0.5826115012168884,1.27706778049469,L2,Adam,0.001,0.001,0.0
27,0.66876220703125,0.6637243628501892,0.5579082369804382,1.3412266969680786,L2,Adam,0.001,0.001,0.0
28,0.6704612970352173,0.6445372700691223,0.55694580078125,1.2957091331481934,L2,Adam,0.001,0.001,0.0
29,0.6679126620292664,0.6855438947677612,0.548604428768158,1.2561100721359253,L2,Adam,0.001,0.001,0.0
30,0.6729249954223633,0.6643669009208679,0.5681745409965515,1.251478672027588,L2,Adam,0.001,0.001,0.0
31,0.6657888293266296,0.6779970526695251,0.5450754165649414,1.278151035308838,L2,Adam,0.001,0.001,0.0
32,0.6617959141731262,0.8596370816230774,0.5213345885276794,1.3099395036697388,L2,Adam,0.001,0.001,0.0
33,0.6651091575622559,0.7042577266693115,0.564324676990509,1.4024219512939453,L2,Adam,0.001,0.001,0.0
34,0.6648542881011963,0.7333431243896484,0.5466794967651367,1.2396504878997803,L2,Adam,0.001,0.001,0.0
35,0.6765780448913574,0.6267794370651245,0.5537375807762146,1.3649238348007202,L2,Adam,0.001,0.001,0.0
36,0.6785320043563843,0.6073064208030701,0.5774783492088318,1.2956902980804443,L2,Adam,0.001,0.001,0.0
37,0.6832044720649719,0.6061254143714905,0.5133140683174133,1.3547121286392212,L2,Adam,0.001,0.001,0.0
38,0.6812505125999451,0.5884904265403748,0.5460378527641296,1.467716932296753,L2,Adam,0.001,0.001,0.0
39,0.6832894682884216,0.5844367742538452,0.5521334409713745,1.374505877494812,L2,Adam,0.001,0.001,0.0
40,0.6870274543762207,0.5745570063591003,0.5652871131896973,1.4344367980957031,L2,Adam,0.001,0.001,0.0
41,0.6874521970748901,0.5711544752120972,0.5405839085578918,1.4655205011367798,L2,Adam,0.001,0.001,0.0
42,0.6879619359970093,0.5765306353569031,0.5575874447822571,1.5418061017990112,L2,Adam,0.001,0.001,0.0
43,0.6909353733062744,0.5591456890106201,0.5675328969955444,1.4236236810684204,L2,Adam,0.001,0.001,0.0
44,0.6942485570907593,0.5658609867095947,0.5553416609764099,1.4227361679077148,L2,Adam,0.001,0.001,0.0
45,0.6964573860168457,0.5496050715446472,0.5364131927490234,1.4480571746826172,L2,Adam,0.001,0.001,0.0
46,0.6913601160049438,0.555269718170166,0.5431504845619202,1.5278337001800537,L2,Adam,0.001,0.001,0.0
47,0.6964573860168457,0.5628806948661804,0.5623997449874878,1.434444785118103,L2,Adam,0.001,0.001,0.0
48,0.6901707649230957,0.5720306038856506,0.5607956647872925,1.5206917524337769,L2,Adam,0.001,0.001,0.0
49,0.691869854927063,0.596499502658844,0.533525824546814,1.653470516204834,L2,Adam,0.001,0.001,0.0
50,0.6995157599449158,0.5574280023574829,0.5402630567550659,1.6093449592590332,L2,Adam,0.001,0.001,0.0
1,0.5176280736923218,1.7477302551269531,0.5357715487480164,0.987797200679779,Dropout-1,Adam,0.001,0.0,0.2
2,0.5698751211166382,1.2944055795669556,0.540904700756073,0.9527876377105713,Dropout-1,Adam,0.001,0.0,0.2
3,0.5748874545097351,1.1946817636489868,0.5181264281272888,1.0028818845748901,Dropout-1,Adam,0.001,0.0,0.2
4,0.5759068727493286,1.0828443765640259,0.5338466763496399,0.9135929346084595,Dropout-1,Adam,0.001,0.0,0.2
5,0.5847421884536743,1.0957638025283813,0.5200513601303101,0.956902265548706,Dropout-1,Adam,0.001,0.0,0.2
6,0.5857616066932678,1.0044643878936768,0.5428296327590942,0.8708096742630005,Dropout-1,Adam,0.001,0.0,0.2
7,0.586950957775116,0.9639332294464111,0.4860442876815796,0.8998510241508484,Dropout-1,Adam,0.001,0.0,0.2
8,0.586950957775116,0.9380486607551575,0.5386589765548706,0.9243128895759583,Dropout-1,Adam,0.001,0.0,0.2
9,0.5906890034675598,0.9366370439529419,0.5123516321182251,0.9104617834091187,Dropout-1,Adam,0.001,0.0,0.2
10,0.6032622456550598,0.9005903005599976,0.5088225603103638,0.9333807229995728,Dropout-1,Adam,0.001,0.0,0.2
11,0.5940871834754944,0.844521164894104,0.572024405002594,0.866600751876831,Dropout-1,Adam,0.001,0.0,0.2
12,0.5954464077949524,0.9382210969924927,0.5575874447822571,0.869230329990387,Dropout-1,Adam,0.001,0.0,0.2
13,0.5942570567131042,0.8288487195968628,0.5065768361091614,0.86379075050354,Dropout-1,Adam,0.001,0.0,0.2
14,0.5940021872520447,0.8596226572990417,0.5617581009864807,0.9653928279876709,Dropout-1,Adam,0.001,0.0,0.2
15,0.604366660118103,0.8615296483039856,0.5344882607460022,1.119301199913025,Dropout-1,Adam,0.001,0.0,0.2
16,0.6033471822738647,0.86818927526474,0.5370548367500305,0.8534572124481201,Dropout-1,Adam,0.001,0.0,0.2
17,0.5985897779464722,0.8220555782318115,0.5588707327842712,0.8903103470802307,Dropout-1,Adam,0.001,0.0,0.2
18,0.5912836790084839,0.7769923210144043,0.5344882607460022,0.929644763469696,Dropout-1,Adam,0.001,0.0,0.2
19,0.5909438729286194,0.7751143574714661,0.5611164569854736,0.9169298410415649,Dropout-1,Adam,0.001,0.0,0.2
20,0.5996091961860657,0.7669903039932251,0.5437921285629272,0.9058337211608887,Dropout-1,Adam,0.001,0.0,0.2
21,0.6076799035072327,0.7288621664047241,0.5534167289733887,0.8825123310089111,Dropout-1,Adam,0.001,0.0,0.2
22,0.6028375029563904,0.7230606079101562,0.4998396039009094,0.9250224828720093,Dropout-1,Adam,0.001,0.0,0.2
23,0.6064905524253845,0.7292100191116333,0.5396214127540588,1.0136221647262573,Dropout-1,Adam,0.001,0.0,0.2
24,0.607594907283783,0.7863256931304932,0.5040102601051331,0.9890283942222595,Dropout-1,Adam,0.001,0.0,0.2
25,0.6008835434913635,0.7913638353347778,0.5299968123435974,0.9587205648422241,Dropout-1,Adam,0.001,0.0,0.2
26,0.5945968627929688,0.7360703349113464,0.5550208687782288,0.9490588903427124,Dropout-1,Adam,0.001,0.0,0.2
27,0.6020728945732117,0.6916702389717102,0.5348091125488281,0.9350595474243164,Dropout-1,Adam,0.001,0.0,0.2
28,0.6049613356590271,0.6786277890205383,0.571061909198761,0.975448727607727,Dropout-1,Adam,0.001,0.0,0.2
29,0.6060657501220703,0.686288595199585,0.5537375807762146,0.98963463306427,Dropout-1,Adam,0.001,0.0,0.2
30,0.6115028262138367,0.6650601625442505,0.5463587045669556,0.9812197089195251,Dropout-1,Adam,0.001,0.0,0.2
31,0.6086993217468262,0.6666514277458191,0.5476419925689697,0.9906118512153625,Dropout-1,Adam,0.001,0.0,0.2
32,0.605046272277832,0.666951060295105,0.5200513601303101,1.000457525253296,Dropout-1,Adam,0.001,0.0,0.2
33,0.6078497767448425,0.6355600953102112,0.5415463447570801,1.035901665687561,Dropout-1,Adam,0.001,0.0,0.2
34,0.6153258085250854,0.6290187239646912,0.5601540207862854,1.0300276279449463,Dropout-1,Adam,0.001,0.0,0.2
35,0.6091241240501404,0.65168297290802,0.5717035531997681,1.0609816312789917,Dropout-1,Adam,0.001,0.0,0.2
36,0.610058605670929,0.6725685596466064,0.5739493370056152,1.0129032135009766,Dropout-1,Adam,0.001,0.0,0.2
37,0.616345226764679,0.6553438305854797,0.5081809163093567,1.0148050785064697,Dropout-1,Adam,0.001,0.0,0.2
38,0.6086143851280212,0.6057862639427185,0.5540583729743958,1.079268217086792,Dropout-1,Adam,0.001,0.0,0.2
39,0.6177045106887817,0.6329344511032104,0.5694578289985657,1.0906234979629517,Dropout-1,Adam,0.001,0.0,0.2
40,0.6178744435310364,0.6011333465576172,0.548604428768158,1.0654743909835815,Dropout-1,Adam,0.001,0.0,0.2
41,0.6144762635231018,0.6185721755027771,0.49053576588630676,1.125875473022461,Dropout-1,Adam,0.001,0.0,0.2
42,0.6204230785369873,0.6049570441246033,0.5614373087882996,1.2103476524353027,Dropout-1,Adam,0.001,0.0,0.2
43,0.6126072406768799,0.5841920971870422,0.5088225603103638,1.2103689908981323,Dropout-1,Adam,0.001,0.0,0.2
44,0.6158355474472046,0.5986752510070801,0.5550208687782288,1.1767359972000122,Dropout-1,Adam,0.001,0.0,0.2
45,0.6266247630119324,0.5918965339660645,0.541867196559906,1.1668388843536377,Dropout-1,Adam,0.001,0.0,0.2
46,0.6198284029960632,0.5868556499481201,0.5316008925437927,1.2361347675323486,Dropout-1,Adam,0.001,0.0,0.2
47,0.6174496412277222,0.5891107320785522,0.5393006205558777,1.2064765691757202,Dropout-1,Adam,0.001,0.0,0.2
48,0.6197434663772583,0.5548800826072693,0.5248636603355408,1.2232872247695923,Dropout-1,Adam,0.001,0.0,0.2
49,0.6267096996307373,0.5659139156341553,0.49855631589889526,1.155936360359192,Dropout-1,Adam,0.001,0.0,0.2
50,0.616345226764679,0.5738398432731628,0.5498877167701721,1.1400357484817505,Dropout-1,Adam,0.001,0.0,0.2
1,0.43836548924446106,1.8431873321533203,0.5213345885276794,1.1275371313095093,Dropout-2,Adam,0.001,0.0,0.5
2,0.5051397681236267,1.640000820159912,0.5434712767601013,1.0659822225570679,Dropout-2,Adam,0.001,0.0,0.5
3,0.5191572308540344,1.4350253343582153,0.5530959367752075,1.0884770154953003,Dropout-2,Adam,0.001,0.0,0.5
4,0.5286721587181091,1.4306846857070923,0.5604748129844666,1.0338616371154785,Dropout-2,Adam,0.001,0.0,0.5
5,0.52816241979599,1.3267264366149902,0.540904700756073,1.06442391872406,Dropout-2,Adam,0.001,0.0,0.5
6,0.5230651497840881,1.299799919128418,0.563362181186676,0.983637809753418,Dropout-2,Adam,0.001,0.0,0.5
7,0.5430294871330261,1.2891128063201904,0.5405839085578918,1.0696555376052856,Dropout-2,Adam,0.001,0.0,0.5
8,0.5434542298316956,1.244927167892456,0.5739493370056152,0.9995236992835999,Dropout-2,Adam,0.001,0.0,0.5
9,0.5412454605102539,1.1650702953338623,0.5518126487731934,0.9681243300437927,Dropout-2,Adam,0.001,0.0,0.5
10,0.5397162437438965,1.1616863012313843,0.549246072769165,0.9958192110061646,Dropout-2,Adam,0.001,0.0,0.5
11,0.5465126037597656,1.1437394618988037,0.5678536891937256,0.935996413230896,Dropout-2,Adam,0.001,0.0,0.5
12,0.5528842210769653,1.1324372291564941,0.5598331689834595,0.9158769845962524,Dropout-2,Adam,0.001,0.0,0.5
13,0.5645229816436768,1.0839730501174927,0.5245428085327148,0.9218018651008606,Dropout-2,Adam,0.001,0.0,0.5
14,0.5478718876838684,1.1958948373794556,0.5797240734100342,0.9814392328262329,Dropout-2,Adam,0.001,0.0,0.5
15,0.5577266216278076,1.1167908906936646,0.5848572254180908,1.0485711097717285,Dropout-2,Adam,0.001,0.0,0.5
16,0.5567071437835693,1.0549097061157227,0.5668912529945374,0.8911616802215576,Dropout-2,Adam,0.001,0.0,0.5
17,0.5546682476997375,1.1519111394882202,0.5854988694190979,0.9734358191490173,Dropout-2,Adam,0.001,0.0,0.5
18,0.5582363605499268,1.0326448678970337,0.5800449252128601,0.9197210669517517,Dropout-2,Adam,0.001,0.0,0.5
19,0.5572168827056885,1.040711522102356,0.5646454691886902,0.8888289332389832,Dropout-2,Adam,0.001,0.0,0.5
20,0.5677512288093567,1.0414575338363647,0.5745909810066223,0.8944129943847656,Dropout-2,Adam,0.001,0.0,0.5
21,0.559935450553894,1.0608924627304077,0.5803657174110413,0.8992961645126343,Dropout-2,Adam,0.001,0.0,0.5
22,0.5585761666297913,0.9974706172943115,0.5591915249824524,0.9057198166847229,Dropout-2,Adam,0.001,0.0,0.5
23,0.5663920044898987,1.0499461889266968,0.5222970843315125,0.8949030637741089,Dropout-2,Adam,0.001,0.0,0.5
24,0.5597655177116394,0.9845035076141357,0.49213987588882446,0.8743787407875061,Dropout-2,Adam,0.001,0.0,0.5
25,0.5610398650169373,0.9694277048110962,0.4998396039009094,0.8767890930175781,Dropout-2,Adam,0.001,0.0,0.5
26,0.5569620132446289,0.9694291353225708,0.5547000169754028,0.8794426321983337,Dropout-2,Adam,0.001,0.0,0.5
27,0.5571319460868835,1.1021974086761475,0.5020853281021118,0.8861649632453918,Dropout-2,Adam,0.001,0.0,0.5
28,0.5664769411087036,0.9631363749504089,0.5707411170005798,0.9175146222114563,Dropout-2,Adam,0.001,0.0,0.5
29,0.5663920044898987,0.9482573866844177,0.5386589765548706,0.8908639550209045,Dropout-2,Adam,0.001,0.0,0.5
30,0.5746325850486755,0.9646180868148804,0.5168431401252747,0.9201525449752808,Dropout-2,Adam,0.001,0.0,0.5
31,0.5678362250328064,0.9075472950935364,0.5226178765296936,0.8610812425613403,Dropout-2,Adam,0.001,0.0,0.5
32,0.5670716166496277,1.0358669757843018,0.5104267001152039,0.8905457258224487,Dropout-2,Adam,0.001,0.0,0.5
33,0.5667318105697632,0.9307440519332886,0.4956689178943634,0.851685643196106,Dropout-2,Adam,0.001,0.0,0.5
34,0.5664769411087036,0.9183269739151001,0.5011228919029236,0.8615794777870178,Dropout-2,Adam,0.001,0.0,0.5
35,0.571234405040741,0.9388900399208069,0.5611164569854736,0.9186819195747375,Dropout-2,Adam,0.001,0.0,0.5
36,0.568770706653595,0.8948125839233398,0.555983304977417,0.8609782457351685,Dropout-2,Adam,0.001,0.0,0.5
37,0.5765865445137024,0.9088674187660217,0.4209175407886505,0.9126741290092468,Dropout-2,Adam,0.001,0.0,0.5
38,0.560020387172699,1.151971459388733,0.5479627847671509,0.8769094347953796,Dropout-2,Adam,0.001,0.0,0.5
39,0.5721688866615295,0.8801374435424805,0.5113891363143921,0.8691800236701965,Dropout-2,Adam,0.001,0.0,0.5
40,0.5724237561225891,0.8346337080001831,0.49855631589889526,0.8585812449455261,Dropout-2,Adam,0.001,0.0,0.5
41,0.568770706653595,0.8548803925514221,0.5091434121131897,0.8966718912124634,Dropout-2,Adam,0.001,0.0,0.5
42,0.5708096027374268,0.870319128036499,0.4982354938983917,0.8791319727897644,Dropout-2,Adam,0.001,0.0,0.5
43,0.5689406394958496,0.8970757126808167,0.4687199294567108,0.8909072279930115,Dropout-2,Adam,0.001,0.0,0.5
44,0.566222071647644,0.9185135960578918,0.519409716129303,0.8973915576934814,Dropout-2,Adam,0.001,0.0,0.5
45,0.5699600577354431,0.8819910883903503,0.4854026436805725,0.890766441822052,Dropout-2,Adam,0.001,0.0,0.5
46,0.5679211616516113,0.8331979513168335,0.47513633966445923,0.9326321482658386,Dropout-2,Adam,0.001,0.0,0.5
47,0.5702998638153076,0.8520696759223938,0.5200513601303101,0.8892742991447449,Dropout-2,Adam,0.001,0.0,0.5
48,0.5643530488014221,0.8021695613861084,0.4982354938983917,0.9266613125801086,Dropout-2,Adam,0.001,0.0,0.5
49,0.5739529132843018,0.8269511461257935,0.4667949974536896,0.9024585485458374,Dropout-2,Adam,0.001,0.0,0.5
50,0.5667318105697632,0.789004921913147,0.5316008925437927,0.9034945964813232,Dropout-2,Adam,0.001,0.0,0.5
1,0.3721858859062195,1.703547477722168,0.4071222245693207,1.4717007875442505,Without radar,SGD,0.01,0.0,0.0
2,0.5463427305221558,1.4701443910598755,0.5402630567550659,1.1626818180084229,Without radar,SGD,0.01,0.0,0.0
3,0.5973154306411743,1.297722578048706,0.5261469483375549,1.3308919668197632,Without radar,SGD,0.01,0.0,0.0
4,0.6084445118904114,1.2223091125488281,0.5431504845619202,1.0873711109161377,Without radar,SGD,0.01,0.0,0.0
5,0.6122674345970154,1.1208914518356323,0.5271093845367432,1.1465929746627808,Without radar,SGD,0.01,0.0,0.0
6,0.6170248985290527,1.0508675575256348,0.5389797687530518,0.9131952524185181,Without radar,SGD,0.01,0.0,0.0
7,0.6192337274551392,1.0642976760864258,0.5280718803405762,0.945099949836731,Without radar,SGD,0.01,0.0,0.0
8,0.6165151596069336,1.034360408782959,0.5389797687530518,0.9539582133293152,Without radar,SGD,0.01,0.0,0.0
9,0.6204230785369873,1.0471227169036865,0.5235803723335266,0.9736650586128235,Without radar,SGD,0.01,0.0,0.0
10,0.6206779479980469,0.9620108008384705,0.5303176045417786,0.8982620239257812,Without radar,SGD,0.01,0.0,0.0
11,0.6188939213752747,0.9888319373130798,0.549246072769165,0.8583728075027466,Without radar,SGD,0.01,0.0,0.0
12,0.6241610646247864,1.0067921876907349,0.5383381247520447,0.9995167851448059,Without radar,SGD,0.01,0.0,0.0
13,0.6231416463851929,0.9478819370269775,0.5386589765548706,1.023861289024353,Without radar,SGD,0.01,0.0,0.0
14,0.6223770380020142,0.9543189406394958,0.5437921285629272,0.956730842590332,Without radar,SGD,0.01,0.0,0.0
15,0.6238212585449219,0.9158485531806946,0.5498877167701721,0.9217842221260071,Without radar,SGD,0.01,0.0,0.0
16,0.6260300874710083,0.8828620910644531,0.5412255525588989,0.9473249316215515,Without radar,SGD,0.01,0.0,0.0
17,0.6224619746208191,0.9276469945907593,0.5466794967651367,0.9389051795005798,Without radar,SGD,0.01,0.0,0.0
18,0.6223770380020142,0.8869103789329529,0.5479627847671509,0.9336630702018738,Without radar,SGD,0.01,0.0,0.0
19,0.6296831369400024,0.8825340867042542,0.5248636603355408,1.5567210912704468,Without radar,SGD,0.01,0.0,0.0
20,0.6219522356987,0.9037314057350159,0.5476419925689697,0.9686479568481445,Without radar,SGD,0.01,0.0,0.0
21,0.6215274930000305,0.8655663132667542,0.5524542927742004,0.9799351692199707,Without radar,SGD,0.01,0.0,0.0
22,0.6265398263931274,0.8335869908332825,0.5059351921081543,1.0465565919876099,Without radar,SGD,0.01,0.0,0.0
23,0.6279840469360352,0.8193109035491943,0.5376964807510376,0.9795566201210022,Without radar,SGD,0.01,0.0,0.0
24,0.6289185285568237,0.8123039603233337,0.5376964807510376,0.9306803345680237,Without radar,SGD,0.01,0.0,0.0
25,0.6298530101776123,0.88130122423172,0.5351299047470093,0.8991155028343201,Without radar,SGD,0.01,0.0,0.0
26,0.6301928758621216,0.790044367313385,0.5652871131896973,0.8996556401252747,Without radar,SGD,0.01,0.0,0.0
27,0.6314671635627747,0.8092299699783325,0.541867196559906,0.9376907348632812,Without radar,SGD,0.01,0.0,0.0
28,0.6285787224769592,0.7591853737831116,0.5733076930046082,0.8961709141731262,Without radar,SGD,0.01,0.0,0.0
29,0.6321467757225037,0.782307505607605,0.5508501529693604,1.0144704580307007,Without radar,SGD,0.01,0.0,0.0
30,0.6324866414070129,0.7487133741378784,0.5591915249824524,0.9069198966026306,Without radar,SGD,0.01,0.0,0.0
31,0.6354600191116333,0.7332492470741272,0.5652871131896973,0.9687659740447998,Without radar,SGD,0.01,0.0,0.0
32,0.6366493701934814,0.7610144019126892,0.5078601241111755,1.22164785861969,Without radar,SGD,0.01,0.0,0.0
33,0.6327415108680725,0.7438492774963379,0.5505293607711792,0.9522293210029602,Without radar,SGD,0.01,0.0,0.0
34,0.6380935907363892,0.7094882726669312,0.5476419925689697,0.916296660900116,Without radar,SGD,0.01,0.0,0.0
35,0.6374989151954651,0.6992668509483337,0.5460378527641296,1.0484861135482788,Without radar,SGD,0.01,0.0,0.0
36,0.6354600191116333,0.7309361100196838,0.5489252209663391,0.9236311316490173,Without radar,SGD,0.01,0.0,0.0
37,0.6380935907363892,0.7294416427612305,0.5357715487480164,0.9900005459785461,Without radar,SGD,0.01,0.0,0.0
38,0.6376688480377197,0.693693220615387,0.5604748129844666,1.0165265798568726,Without radar,SGD,0.01,0.0,0.0
39,0.6399626135826111,0.6799340844154358,0.5604748129844666,0.9501055479049683,Without radar,SGD,0.01,0.0,0.0
40,0.6410670280456543,0.6981361508369446,0.5287135243415833,0.961135983467102,Without radar,SGD,0.01,0.0,0.0
41,0.6391130685806274,0.6698536276817322,0.5367340445518494,1.0114110708236694,Without radar,SGD,0.01,0.0,0.0
42,0.6386033296585083,0.6673108339309692,0.5598331689834595,0.9690084457397461,Without radar,SGD,0.01,0.0,0.0
43,0.6435307264328003,0.6810129284858704,0.5505293607711792,1.0658867359161377,Without radar,SGD,0.01,0.0,0.0
44,0.6408121585845947,0.673974871635437,0.5550208687782288,1.004072666168213,Without radar,SGD,0.01,0.0,0.0
45,0.6440404653549194,0.6572624444961548,0.5309592485427856,1.0195550918579102,Without radar,SGD,0.01,0.0,0.0
46,0.6420865058898926,0.642546534538269,0.5521334409713745,1.0061314105987549,Without radar,SGD,0.01,0.0,0.0
47,0.6462492346763611,0.6812459826469421,0.492460697889328,3.066854476928711,Without radar,SGD,0.01,0.0,0.0
48,0.6411519646644592,0.9468054175376892,0.5367340445518494,0.9591274857521057,Without radar,SGD,0.01,0.0,0.0
49,0.6414068341255188,0.7383112907409668,0.5367340445518494,0.9995750784873962,Without radar,SGD,0.01,0.0,0.0
50,0.6432758569717407,0.678862988948822,0.5405839085578918,0.951727569103241,Without radar,SGD,0.01,0.0,0.0
1,0.320023775100708,1.8134633302688599,0.23612448573112488,1.518556833267212,Without final track,SGD,0.01,0.0,0.0
2,0.3591878414154053,1.6633058786392212,0.4019891023635864,1.337411642074585,Without final track,SGD,0.01,0.0,0.0
3,0.4163622558116913,1.531379222869873,0.3753609359264374,1.5313881635665894,Without final track,SGD,0.01,0.0,0.0
4,0.4432928264141083,1.4515368938446045,0.4209175407886505,1.231293797492981,Without final track,SGD,0.01,0.0,0.0
5,0.4406592547893524,1.3534584045410156,0.4016682803630829,1.3210333585739136,Without final track,SGD,0.01,0.0,0.0
6,0.4514484703540802,1.2727317810058594,0.3881937861442566,1.136709213256836,Without final track,SGD,0.01,0.0,0.0
7,0.45612096786499023,1.2138408422470093,0.3747192919254303,1.143212080001831,Without final track,SGD,0.01,0.0,0.0
8,0.45578116178512573,1.1590781211853027,0.4058389365673065,1.1231679916381836,Without final track,SGD,0.01,0.0,0.0
9,0.4623226523399353,1.1264302730560303,0.3676612079143524,1.1412837505340576,Without final track,SGD,0.01,0.0,0.0
10,0.4629173278808594,1.0786244869232178,0.38081488013267517,1.0903276205062866,Without final track,SGD,0.01,0.0,0.0
11,0.4675048887729645,1.0471833944320679,0.4119345545768738,1.077953815460205,Without final track,SGD,0.01,0.0,0.0
12,0.4720924198627472,1.0458639860153198,0.4135386645793915,1.104988932609558,Without final track,SGD,0.01,0.0,0.0
13,0.4710729718208313,1.0046265125274658,0.40134745836257935,1.0759553909301758,Without final track,SGD,0.01,0.0,0.0
14,0.47183758020401,0.9856153726577759,0.4135386645793915,1.0833282470703125,Without final track,SGD,0.01,0.0,0.0
15,0.47888877987861633,0.968965470790863,0.42188000679016113,1.150072693824768,Without final track,SGD,0.01,0.0,0.0
16,0.4756605327129364,0.9818223118782043,0.3849855661392212,1.0853078365325928,Without final track,SGD,0.01,0.0,0.0
17,0.48007816076278687,0.945232629776001,0.4071222245693207,1.0885303020477295,Without final track,SGD,0.01,0.0,0.0
18,0.48186221718788147,0.9211919903755188,0.3923644423484802,1.0692126750946045,Without final track,SGD,0.01,0.0,0.0
19,0.48594000935554504,0.9066649079322815,0.4350336790084839,1.1113591194152832,Without final track,SGD,0.01,0.0,0.0
20,0.4927363991737366,0.8834972977638245,0.40391403436660767,1.2239068746566772,Without final track,SGD,0.01,0.0,0.0
21,0.4865347146987915,0.8807469010353088,0.41418030858039856,1.1200318336486816,Without final track,SGD,0.01,0.0,0.0
22,0.49154701828956604,0.8652214407920837,0.37824830412864685,1.1158632040023804,Without final track,SGD,0.01,0.0,0.0
23,0.4929063022136688,0.8441824913024902,0.4080846905708313,1.1915419101715088,Without final track,SGD,0.01,0.0,0.0
24,0.49375584721565247,0.8417700529098511,0.390439510345459,1.1867527961730957,Without final track,SGD,0.01,0.0,0.0
25,0.4960496127605438,0.8303539752960205,0.39589348435401917,1.2000669240951538,Without final track,SGD,0.01,0.0,0.0
26,0.4949451982975006,0.8163982629776001,0.41161373257637024,1.2398982048034668,Without final track,SGD,0.01,0.0,0.0
27,0.49536997079849243,0.8047423362731934,0.4119345545768738,1.2641210556030273,Without final track,SGD,0.01,0.0,0.0
28,0.4939257502555847,0.78924161195755,0.44979146122932434,1.2696977853775024,Without final track,SGD,0.01,0.0,0.0
29,0.4998725652694702,0.7839751243591309,0.4193134307861328,1.3165439367294312,Without final track,SGD,0.01,0.0,0.0
30,0.5002123713493347,0.7731289863586426,0.45781201124191284,1.3658671379089355,Without final track,SGD,0.01,0.0,0.0
31,0.5024212002754211,0.7616777420043945,0.432146281003952,1.3488126993179321,Without final track,SGD,0.01,0.0,0.0
32,0.5081131458282471,0.7547221779823303,0.39653512835502625,1.3751097917556763,Without final track,SGD,0.01,0.0,0.0
33,0.5052247047424316,0.7505063414573669,0.42829644680023193,1.3734618425369263,Without final track,SGD,0.01,0.0,0.0
34,0.5065839886665344,0.7322829961776733,0.432146281003952,1.3789756298065186,Without final track,SGD,0.01,0.0,0.0
35,0.5096423625946045,0.7289636135101318,0.4167468845844269,1.3827427625656128,Without final track,SGD,0.01,0.0,0.0
36,0.5057344436645508,0.7177742123603821,0.4385627210140228,1.3741801977157593,Without final track,SGD,0.01,0.0,0.0
37,0.5123608708381653,0.7107028961181641,0.41097208857536316,1.4373809099197388,Without final track,SGD,0.01,0.0,0.0
38,0.5097272992134094,0.7058574557304382,0.40519729256629944,1.5331981182098389,Without final track,SGD,0.01,0.0,0.0
39,0.5096423625946045,0.7023047208786011,0.4215591847896576,1.5084633827209473,Without final track,SGD,0.01,0.0,0.0
40,0.5121060013771057,0.6936601400375366,0.3891562521457672,1.5442776679992676,Without final track,SGD,0.01,0.0,0.0
41,0.5178829431533813,0.690526008605957,0.3939685523509979,1.502216100692749,Without final track,SGD,0.01,0.0,0.0
42,0.5171183347702026,0.6838942170143127,0.42284247279167175,1.5788089036941528,Without final track,SGD,0.01,0.0,0.0
43,0.5158440470695496,0.6757859587669373,0.43631696701049805,1.6124043464660645,Without final track,SGD,0.01,0.0,0.0
44,0.5186475515365601,0.6694300174713135,0.43471285700798035,1.5509185791015625,Without final track,SGD,0.01,0.0,0.0
45,0.5206014513969421,0.6642609238624573,0.38787296414375305,1.5657892227172852,Without final track,SGD,0.01,0.0,0.0
46,0.5185625553131104,0.6585622429847717,0.40134745836257935,1.6746597290039062,Without final track,SGD,0.01,0.0,0.0
47,0.5212811231613159,0.6518688797950745,0.39749759435653687,1.640794038772583,Without final track,SGD,0.01,0.0,0.0
48,0.5231500864028931,0.6443864107131958,0.44979146122932434,1.6190234422683716,Without final track,SGD,0.01,0.0,0.0
49,0.5267181992530823,0.6408988833427429,0.4270131587982178,1.691192626953125,Without final track,SGD,0.01,0.0,0.0
50,0.5234049558639526,0.6391464471817017,0.4392043650150299,1.683563470840454,Without final track,SGD,0.01,0.0,0.0
1,0.33803415298461914,1.7781283855438232,0.3769650161266327,1.5791748762130737,Without land cover,SGD,0.01,0.0,0.0
2,0.521196186542511,1.5673731565475464,0.526788592338562,1.2111802101135254,Without land cover,SGD,0.01,0.0,0.0
3,0.590009331703186,1.3376781940460205,0.5113891363143921,1.286828637123108,Without land cover,SGD,0.01,0.0,0.0
4,0.5978251695632935,1.2355061769485474,0.5460378527641296,1.0802732706069946,Without land cover,SGD,0.01,0.0,0.0
5,0.5996941924095154,1.130786418914795,0.5364131927490234,1.1550205945968628,Without land cover,SGD,0.01,0.0,0.0
6,0.6014782190322876,1.1170785427093506,0.5421879887580872,0.9364930391311646,Without land cover,SGD,0.01,0.0,0.0
7,0.6054710745811462,1.0437029600143433,0.5213345885276794,0.9273523092269897,Without land cover,SGD,0.01,0.0,0.0
8,0.6034321784973145,0.9847848415374756,0.5514917969703674,0.9347642660140991,Without land cover,SGD,0.01,0.0,0.0
9,0.6070852279663086,0.9731408953666687,0.5040102601051331,1.0608246326446533,Without land cover,SGD,0.01,0.0,0.0
10,0.6103984117507935,0.8764253258705139,0.5056143999099731,0.9142752885818481,Without land cover,SGD,0.01,0.0,0.0
11,0.6102285385131836,0.884293258190155,0.541867196559906,0.8927573561668396,Without land cover,SGD,0.01,0.0,0.0
12,0.61566561460495,0.9031622409820557,0.5206929445266724,0.9793624877929688,Without land cover,SGD,0.01,0.0,0.0
13,0.6166850924491882,0.9054807424545288,0.5248636603355408,1.0367265939712524,Without land cover,SGD,0.01,0.0,0.0
14,0.6134567856788635,0.899267852306366,0.5306384563446045,0.9771460890769958,Without land cover,SGD,0.01,0.0,0.0
15,0.61566561460495,0.8164964318275452,0.5360924005508423,0.9544693231582642,Without land cover,SGD,0.01,0.0,0.0
16,0.6180443167686462,0.7982994914054871,0.5271093845367432,0.9093018770217896,Without land cover,SGD,0.01,0.0,0.0
17,0.6197434663772583,0.760837733745575,0.5505293607711792,0.9591261148452759,Without land cover,SGD,0.01,0.0,0.0
18,0.6220372319221497,0.7426671385765076,0.5360924005508423,0.9401414394378662,Without land cover,SGD,0.01,0.0,0.0
19,0.6222921013832092,0.7309449315071106,0.5466794967651367,0.9721195697784424,Without land cover,SGD,0.01,0.0,0.0
20,0.6232265830039978,0.7132549285888672,0.549246072769165,0.9733652472496033,Without land cover,SGD,0.01,0.0,0.0
21,0.624415934085846,0.710259199142456,0.5309592485427856,0.972474217414856,Without land cover,SGD,0.01,0.0,0.0
22,0.6255203485488892,0.7875638604164124,0.5081809163093567,1.010697364807129,Without land cover,SGD,0.01,0.0,0.0
23,0.6257752180099487,0.7509332299232483,0.533525824546814,1.042917251586914,Without land cover,SGD,0.01,0.0,0.0
24,0.6249256730079651,0.7186748385429382,0.5158806443214417,1.1746236085891724,Without land cover,SGD,0.01,0.0,0.0
25,0.6268796324729919,0.7111598253250122,0.5213345885276794,0.9790995121002197,Without land cover,SGD,0.01,0.0,0.0
26,0.6263698935508728,0.6707533597946167,0.5534167289733887,0.9944603443145752,Without land cover,SGD,0.01,0.0,0.0
27,0.630702555179596,0.6619296073913574,0.5450754165649414,1.0368177890777588,Without land cover,SGD,0.01,0.0,0.0
28,0.6315521001815796,0.6475438475608826,0.5617581009864807,1.011493444442749,Without land cover,SGD,0.01,0.0,0.0
29,0.6318919658660889,0.6413341164588928,0.5508501529693604,1.0311964750289917,Without land cover,SGD,0.01,0.0,0.0
30,0.6345255374908447,0.6305137872695923,0.5697786211967468,1.0484169721603394,Without land cover,SGD,0.01,0.0,0.0
31,0.6346104741096497,0.6181320548057556,0.5457170605659485,1.0882844924926758,Without land cover,SGD,0.01,0.0,0.0
32,0.6384334564208984,0.611171543598175,0.5126724243164062,1.0242489576339722,Without land cover,SGD,0.01,0.0,0.0
33,0.6360546946525574,0.6030638217926025,0.5659287571907043,1.1043813228607178,Without land cover,SGD,0.01,0.0,0.0
34,0.6414068341255188,0.5970075726509094,0.5389797687530518,1.0298113822937012,Without land cover,SGD,0.01,0.0,0.0
35,0.6424263119697571,0.5898424386978149,0.5437921285629272,1.1133757829666138,Without land cover,SGD,0.01,0.0,0.0
36,0.6384334564208984,0.5804747343063354,0.5646454691886902,1.0781328678131104,Without land cover,SGD,0.01,0.0,0.0
37,0.6471837759017944,0.5747174620628357,0.5248636603355408,1.0665748119354248,Without land cover,SGD,0.01,0.0,0.0
38,0.6437005996704102,0.5600997805595398,0.5543792247772217,1.2473984956741333,Without land cover,SGD,0.01,0.0,0.0
39,0.6445501446723938,0.5658901929855347,0.5309592485427856,1.0694444179534912,Without land cover,SGD,0.01,0.0,0.0
40,0.6458244919776917,0.5544740557670593,0.5299968123435974,1.1118484735488892,Without land cover,SGD,0.01,0.0,0.0
41,0.6485430002212524,0.5525833964347839,0.541867196559906,1.1297909021377563,Without land cover,SGD,0.01,0.0,0.0
42,0.647438645362854,0.5428022146224976,0.5530959367752075,1.1770910024642944,Without land cover,SGD,0.01,0.0,0.0
43,0.6507518291473389,0.5359702706336975,0.5537375807762146,1.1195696592330933,Without land cover,SGD,0.01,0.0,0.0
44,0.6501571536064148,0.528323233127594,0.5534167289733887,1.1470035314559937,Without land cover,SGD,0.01,0.0,0.0
45,0.654404878616333,0.5341726541519165,0.5133140683174133,1.1427333354949951,Without land cover,SGD,0.01,0.0,0.0
46,0.6532155275344849,0.5275691747665405,0.5434712767601013,1.2157816886901855,Without land cover,SGD,0.01,0.0,0.0
47,0.6606915593147278,0.5169668793678284,0.519088864326477,1.21599280834198,Without land cover,SGD,0.01,0.0,0.0
48,0.6545748114585876,0.5115053653717041,0.5598331689834595,1.2323732376098633,Without land cover,SGD,0.01,0.0,0.0
49,0.6550845503807068,0.5038962364196777,0.5389797687530518,1.1927684545516968,Without land cover,SGD,0.01,0.0,0.0
50,0.6566986441612244,0.4992881417274475,0.5511710047721863,1.2049802541732788,Without land cover,SGD,0.01,0.0,0.0
1,0.34440574049949646,1.810255527496338,0.21783766150474548,1.5204100608825684,Without track or land cover,SGD,0.01,0.0,0.0
2,0.36403024196624756,1.65553617477417,0.4189926087856293,1.3368333578109741,Without track or land cover,SGD,0.01,0.0,0.0
3,0.4292753338813782,1.5371068716049194,0.38883543014526367,1.4248548746109009,Without track or land cover,SGD,0.01,0.0,0.0
4,0.43615666031837463,1.4624392986297607,0.4302213788032532,1.2431379556655884,Without track or land cover,SGD,0.01,0.0,0.0
5,0.44677597284317017,1.3530479669570923,0.42508822679519653,1.207000494003296,Without track or land cover,SGD,0.01,0.0,0.0
6,0.45450684428215027,1.2598258256912231,0.4199550747871399,1.14041268825531,Without track or land cover,SGD,0.01,0.0,0.0
7,0.4584996998310089,1.2470453977584839,0.3865896761417389,1.1426538228988647,Without track or land cover,SGD,0.01,0.0,0.0
8,0.455951064825058,1.182949423789978,0.4183509647846222,1.135896921157837,Without track or land cover,SGD,0.01,0.0,0.0
9,0.4584147334098816,1.1979548931121826,0.3779274821281433,1.1482208967208862,Without track or land cover,SGD,0.01,0.0,0.0
10,0.4573952853679657,1.123306155204773,0.3865896761417389,1.1121876239776611,Without track or land cover,SGD,0.01,0.0,0.0
11,0.46138817071914673,1.0882396697998047,0.4035932123661041,1.0999319553375244,Without track or land cover,SGD,0.01,0.0,0.0
12,0.45892447233200073,1.0797755718231201,0.4170677065849304,1.1461400985717773,Without track or land cover,SGD,0.01,0.0,0.0
13,0.46104833483695984,1.0477242469787598,0.398780882358551,1.1349420547485352,Without track or land cover,SGD,0.01,0.0,0.0
14,0.45900943875312805,1.0281982421875,0.413859486579895,1.1348850727081299,Without track or land cover,SGD,0.01,0.0,0.0
15,0.4640217423439026,1.0160276889801025,0.41642606258392334,1.1553252935409546,Without track or land cover,SGD,0.01,0.0,0.0
16,0.4641067087650299,1.007845163345337,0.3827398121356964,1.1204893589019775,Without track or land cover,SGD,0.01,0.0,0.0
17,0.46538102626800537,0.9873785972595215,0.4225216507911682,1.125493049621582,Without track or land cover,SGD,0.01,0.0,0.0
18,0.46453148126602173,0.9694625735282898,0.379531592130661,1.136703372001648,Without track or land cover,SGD,0.01,0.0,0.0
19,0.46708011627197266,0.9581945538520813,0.42669233679771423,1.1502189636230469,Without track or land cover,SGD,0.01,0.0,0.0
20,0.4686942398548126,0.9334694147109985,0.4016682803630829,1.1994035243988037,Without track or land cover,SGD,0.01,0.0,0.0
21,0.4671650528907776,0.9346374869346619,0.3891562521457672,1.1383435726165771,Without track or land cover,SGD,0.01,0.0,0.0
22,0.46911901235580444,0.9240253567695618,0.390439510345459,1.1861422061920166,Without track or land cover,SGD,0.01,0.0,0.0
23,0.4735366702079773,0.90882807970047,0.3923644423484802,1.195537805557251,Without track or land cover,SGD,0.01,0.0,0.0
24,0.46954378485679626,0.900653600692749,0.3731151819229126,1.2077041864395142,Without track or land cover,SGD,0.01,0.0,0.0
25,0.4675898253917694,0.8932991623878479,0.3891562521457672,1.232812762260437,Without track or land cover,SGD,0.01,0.0,0.0
26,0.47234728932380676,0.8864344358444214,0.4122553765773773,1.2399588823318481,Without track or land cover,SGD,0.01,0.0,0.0
27,0.4704782962799072,0.8630943894386292,0.3962143063545227,1.2934956550598145,Without track or land cover,SGD,0.01,0.0,0.0
28,0.4756605327129364,0.8517857789993286,0.4350336790084839,1.25311279296875,Without track or land cover,SGD,0.01,0.0,0.0
29,0.47829410433769226,0.8576918244361877,0.39428937435150146,1.3635858297348022,Without track or land cover,SGD,0.01,0.0,0.0
30,0.47515079379081726,0.8357604742050171,0.4366377890110016,1.3339139223098755,Without track or land cover,SGD,0.01,0.0,0.0
31,0.47999319434165955,0.8281493782997131,0.4128970205783844,1.3766334056854248,Without track or land cover,SGD,0.01,0.0,0.0
32,0.48109760880470276,0.8145340085029602,0.38209816813468933,1.360026478767395,Without track or land cover,SGD,0.01,0.0,0.0
33,0.48177725076675415,0.8102788925170898,0.40295156836509705,1.4146430492401123,Without track or land cover,SGD,0.01,0.0,0.0
34,0.48568516969680786,0.7959828972816467,0.41738852858543396,1.3406957387924194,Without track or land cover,SGD,0.01,0.0,0.0
35,0.4840710163116455,0.789402425289154,0.40455564856529236,1.4563418626785278,Without track or land cover,SGD,0.01,0.0,0.0
36,0.48424091935157776,0.7704383134841919,0.4122553765773773,1.3674702644348145,Without track or land cover,SGD,0.01,0.0,0.0
37,0.4836462438106537,0.768750011920929,0.3971767723560333,1.4065927267074585,Without track or land cover,SGD,0.01,0.0,0.0
38,0.4869594871997833,0.7563924789428711,0.38883543014526367,1.5373278856277466,Without track or land cover,SGD,0.01,0.0,0.0
39,0.4830515682697296,0.7551897168159485,0.4064805805683136,1.5194374322891235,Without track or land cover,SGD,0.01,0.0,0.0
40,0.48492056131362915,0.7512578964233398,0.37600257992744446,1.5281181335449219,Without track or land cover,SGD,0.01,0.0,0.0
41,0.4885736107826233,0.7403992414474487,0.3930060863494873,1.5559245347976685,Without track or land cover,SGD,0.01,0.0,0.0
42,0.49409565329551697,0.7333360314369202,0.4019891023635864,1.5692989826202393,Without track or land cover,SGD,0.01,0.0,0.0
43,0.49154701828956604,0.7242691516876221,0.4090471565723419,1.5534007549285889,Without track or land cover,SGD,0.01,0.0,0.0
44,0.4913771152496338,0.7167544960975647,0.41963425278663635,1.5679144859313965,Without track or land cover,SGD,0.01,0.0,0.0
45,0.49927788972854614,0.7144142389297485,0.3683028519153595,1.5924040079116821,Without track or land cover,SGD,0.01,0.0,0.0
46,0.49222666025161743,0.7059986591339111,0.39653512835502625,1.6310821771621704,Without track or land cover,SGD,0.01,0.0,0.0
47,0.4955398738384247,0.6956223249435425,0.3978184163570404,1.6042466163635254,Without track or land cover,SGD,0.01,0.0,0.0
48,0.4983433783054352,0.6938770413398743,0.4318254590034485,1.6585760116577148,Without track or land cover,SGD,0.01,0.0,0.0
49,0.5039503574371338,0.6873464584350586,0.4145011305809021,1.679527997970581,Without track or land cover,SGD,0.01,0.0,0.0
50,0.4990230202674866,0.6796760559082031,0.42829644680023193,1.7189433574676514,Without track or land cover,SGD,0.01,0.0,0.0
