rating,feature,missing_events,total_events,missing_percent
EF0,start_longitude,0,9197,0.0
EF0,start_latitude,0,9197,0.0
EF0,month,0,9197,0.0
EF0,hour_utc,0,9197,0.0
EF0,radar_tvs_count,0,9197,0.0
EF0,radar_mda_count,0,9197,0.0
EF0,radar_structure_count,0,9197,0.0
EF0,radar_max_shear_per_s,6324,9197,68.76155268022181
EF0,radar_max_velocity_difference_knots,6324,9197,68.76155268022181
EF0,radar_max_rotation_velocity_knots,3122,9197,33.94585190823094
EF0,radar_max_reflectivity_dbz,822,9197,8.937697075133196
EF0,radar_max_vil_kg_m2,822,9197,8.937697075133196
EF0,warning_active_tornado_count,0,9197,0.0
EF0,warning_active_severe_count,0,9197,0.0
EF0,warning_tornado_lead_minutes,4433,9197,48.20050016309666
EF0,post_end_longitude,0,9197,0.0
EF0,post_end_latitude,0,9197,0.0
EF0,post_path_length_miles,0,9197,0.0
EF0,post_path_width_yards,0,9197,0.0
EF0,post_duration_minutes,0,9197,0.0
EF0,post_radar_tvs_count,0,9197,0.0
EF0,post_radar_mda_count,0,9197,0.0
EF0,post_radar_structure_count,0,9197,0.0
EF0,post_radar_max_shear_per_s,5286,9197,57.475263672936826
EF0,post_radar_max_velocity_difference_knots,5286,9197,57.475263672936826
EF0,post_radar_max_rotation_velocity_knots,2245,9197,24.410133739262804
EF0,post_radar_max_reflectivity_dbz,510,9197,5.545286506469501
EF0,post_radar_max_vil_kg_m2,510,9197,5.545286506469501
EF0,post_land_developed_fraction,226,9197,2.457323040121779
EF0,post_land_forest_fraction,226,9197,2.457323040121779
EF0,post_land_cropland_fraction,226,9197,2.457323040121779
EF0,post_impervious_mean_percent,226,9197,2.457323040121779
EF1,start_longitude,0,7149,0.0
EF1,start_latitude,0,7149,0.0
EF1,month,0,7149,0.0
EF1,hour_utc,0,7149,0.0
EF1,radar_tvs_count,0,7149,0.0
EF1,radar_mda_count,0,7149,0.0
EF1,radar_structure_count,0,7149,0.0
EF1,radar_max_shear_per_s,4604,7149,64.4006154706952
EF1,radar_max_velocity_difference_knots,4604,7149,64.4006154706952
EF1,radar_max_rotation_velocity_knots,1390,7149,19.443278780248985
EF1,radar_max_reflectivity_dbz,464,7149,6.49041824031333
EF1,radar_max_vil_kg_m2,464,7149,6.49041824031333
EF1,warning_active_tornado_count,0,7149,0.0
EF1,warning_active_severe_count,0,7149,0.0
EF1,warning_tornado_lead_minutes,3067,7149,42.901105049657296
EF1,post_end_longitude,0,7149,0.0
EF1,post_end_latitude,0,7149,0.0
EF1,post_path_length_miles,0,7149,0.0
EF1,post_path_width_yards,0,7149,0.0
EF1,post_duration_minutes,0,7149,0.0
EF1,post_radar_tvs_count,0,7149,0.0
EF1,post_radar_mda_count,0,7149,0.0
EF1,post_radar_structure_count,0,7149,0.0
EF1,post_radar_max_shear_per_s,3496,7149,48.90194432787803
EF1,post_radar_max_velocity_difference_knots,3496,7149,48.90194432787803
EF1,post_radar_max_rotation_velocity_knots,830,7149,11.61001538676738
EF1,post_radar_max_reflectivity_dbz,316,7149,4.420198629178906
EF1,post_radar_max_vil_kg_m2,316,7149,4.420198629178906
EF1,post_land_developed_fraction,26,7149,0.36368722898307454
EF1,post_land_forest_fraction,26,7149,0.36368722898307454
EF1,post_land_cropland_fraction,26,7149,0.36368722898307454
EF1,post_impervious_mean_percent,26,7149,0.36368722898307454
EF2,start_longitude,0,1776,0.0
EF2,start_latitude,0,1776,0.0
EF2,month,0,1776,0.0
EF2,hour_utc,0,1776,0.0
EF2,radar_tvs_count,0,1776,0.0
EF2,radar_mda_count,0,1776,0.0
EF2,radar_structure_count,0,1776,0.0
EF2,radar_max_shear_per_s,1038,1776,58.445945945945944
EF2,radar_max_velocity_difference_knots,1038,1776,58.445945945945944
EF2,radar_max_rotation_velocity_knots,183,1776,10.304054054054054
EF2,radar_max_reflectivity_dbz,81,1776,4.5608108108108105
EF2,radar_max_vil_kg_m2,81,1776,4.5608108108108105
EF2,warning_active_tornado_count,0,1776,0.0
EF2,warning_active_severe_count,0,1776,0.0
EF2,warning_tornado_lead_minutes,500,1776,28.153153153153152
EF2,post_end_longitude,0,1776,0.0
EF2,post_end_latitude,0,1776,0.0
EF2,post_path_length_miles,0,1776,0.0
EF2,post_path_width_yards,0,1776,0.0
EF2,post_duration_minutes,0,1776,0.0
EF2,post_radar_tvs_count,0,1776,0.0
EF2,post_radar_mda_count,0,1776,0.0
EF2,post_radar_structure_count,0,1776,0.0
EF2,post_radar_max_shear_per_s,722,1776,40.653153153153156
EF2,post_radar_max_velocity_difference_knots,722,1776,40.653153153153156
EF2,post_radar_max_rotation_velocity_knots,96,1776,5.405405405405405
EF2,post_radar_max_reflectivity_dbz,53,1776,2.984234234234234
EF2,post_radar_max_vil_kg_m2,53,1776,2.984234234234234
EF2,post_land_developed_fraction,1,1776,0.05630630630630631
EF2,post_land_forest_fraction,1,1776,0.05630630630630631
EF2,post_land_cropland_fraction,1,1776,0.05630630630630631
EF2,post_impervious_mean_percent,1,1776,0.05630630630630631
EF3,start_longitude,0,426,0.0
EF3,start_latitude,0,426,0.0
EF3,month,0,426,0.0
EF3,hour_utc,0,426,0.0
EF3,radar_tvs_count,0,426,0.0
EF3,radar_mda_count,0,426,0.0
EF3,radar_structure_count,0,426,0.0
EF3,radar_max_shear_per_s,209,426,49.06103286384977
EF3,radar_max_velocity_difference_knots,209,426,49.06103286384977
EF3,radar_max_rotation_velocity_knots,29,426,6.807511737089202
EF3,radar_max_reflectivity_dbz,20,426,4.694835680751174
EF3,radar_max_vil_kg_m2,20,426,4.694835680751174
EF3,warning_active_tornado_count,0,426,0.0
EF3,warning_active_severe_count,0,426,0.0
EF3,warning_tornado_lead_minutes,70,426,16.431924882629108
EF3,post_end_longitude,0,426,0.0
EF3,post_end_latitude,0,426,0.0
EF3,post_path_length_miles,0,426,0.0
EF3,post_path_width_yards,0,426,0.0
EF3,post_duration_minutes,0,426,0.0
EF3,post_radar_tvs_count,0,426,0.0
EF3,post_radar_mda_count,0,426,0.0
EF3,post_radar_structure_count,0,426,0.0
EF3,post_radar_max_shear_per_s,138,426,32.394366197183096
EF3,post_radar_max_velocity_difference_knots,138,426,32.394366197183096
EF3,post_radar_max_rotation_velocity_knots,25,426,5.868544600938967
EF3,post_radar_max_reflectivity_dbz,18,426,4.225352112676056
EF3,post_radar_max_vil_kg_m2,18,426,4.225352112676056
EF3,post_land_developed_fraction,0,426,0.0
EF3,post_land_forest_fraction,0,426,0.0
EF3,post_land_cropland_fraction,0,426,0.0
EF3,post_impervious_mean_percent,0,426,0.0
EF4,start_longitude,0,83,0.0
EF4,start_latitude,0,83,0.0
EF4,month,0,83,0.0
EF4,hour_utc,0,83,0.0
EF4,radar_tvs_count,0,83,0.0
EF4,radar_mda_count,0,83,0.0
EF4,radar_structure_count,0,83,0.0
EF4,radar_max_shear_per_s,40,83,48.19277108433735
EF4,radar_max_velocity_difference_knots,40,83,48.19277108433735
EF4,radar_max_rotation_velocity_knots,4,83,4.819277108433735
EF4,radar_max_reflectivity_dbz,3,83,3.6144578313253013
EF4,radar_max_vil_kg_m2,3,83,3.6144578313253013
EF4,warning_active_tornado_count,0,83,0.0
EF4,warning_active_severe_count,0,83,0.0
EF4,warning_tornado_lead_minutes,7,83,8.433734939759036
EF4,post_end_longitude,0,83,0.0
EF4,post_end_latitude,0,83,0.0
EF4,post_path_length_miles,0,83,0.0
EF4,post_path_width_yards,0,83,0.0
EF4,post_duration_minutes,0,83,0.0
EF4,post_radar_tvs_count,0,83,0.0
EF4,post_radar_mda_count,0,83,0.0
EF4,post_radar_structure_count,0,83,0.0
EF4,post_radar_max_shear_per_s,28,83,33.734939759036145
EF4,post_radar_max_velocity_difference_knots,28,83,33.734939759036145
EF4,post_radar_max_rotation_velocity_knots,2,83,2.4096385542168677
EF4,post_radar_max_reflectivity_dbz,2,83,2.4096385542168677
EF4,post_radar_max_vil_kg_m2,2,83,2.4096385542168677
EF4,post_land_developed_fraction,0,83,0.0
EF4,post_land_forest_fraction,0,83,0.0
EF4,post_land_cropland_fraction,0,83,0.0
EF4,post_impervious_mean_percent,0,83,0.0
EF5,start_longitude,0,8,0.0
EF5,start_latitude,0,8,0.0
EF5,month,0,8,0.0
EF5,hour_utc,0,8,0.0
EF5,radar_tvs_count,0,8,0.0
EF5,radar_mda_count,0,8,0.0
EF5,radar_structure_count,0,8,0.0
EF5,radar_max_shear_per_s,4,8,50.0
EF5,radar_max_velocity_difference_knots,4,8,50.0
EF5,radar_max_rotation_velocity_knots,0,8,0.0
EF5,radar_max_reflectivity_dbz,1,8,12.5
EF5,radar_max_vil_kg_m2,1,8,12.5
EF5,warning_active_tornado_count,0,8,0.0
EF5,warning_active_severe_count,0,8,0.0
EF5,warning_tornado_lead_minutes,0,8,0.0
EF5,post_end_longitude,0,8,0.0
EF5,post_end_latitude,0,8,0.0
EF5,post_path_length_miles,0,8,0.0
EF5,post_path_width_yards,0,8,0.0
EF5,post_duration_minutes,0,8,0.0
EF5,post_radar_tvs_count,0,8,0.0
EF5,post_radar_mda_count,0,8,0.0
EF5,post_radar_structure_count,0,8,0.0
EF5,post_radar_max_shear_per_s,2,8,25.0
EF5,post_radar_max_velocity_difference_knots,2,8,25.0
EF5,post_radar_max_rotation_velocity_knots,0,8,0.0
EF5,post_radar_max_reflectivity_dbz,1,8,12.5
EF5,post_radar_max_vil_kg_m2,1,8,12.5
EF5,post_land_developed_fraction,0,8,0.0
EF5,post_land_forest_fraction,0,8,0.0
EF5,post_land_cropland_fraction,0,8,0.0
EF5,post_impervious_mean_percent,0,8,0.0
Unknown,start_longitude,0,1525,0.0
Unknown,start_latitude,0,1525,0.0
Unknown,month,0,1525,0.0
Unknown,hour_utc,0,1525,0.0
Unknown,radar_tvs_count,0,1525,0.0
Unknown,radar_mda_count,0,1525,0.0
Unknown,radar_structure_count,0,1525,0.0
Unknown,radar_max_shear_per_s,1041,1525,68.26229508196721
Unknown,radar_max_velocity_difference_knots,1041,1525,68.26229508196721
Unknown,radar_max_rotation_velocity_knots,508,1525,33.31147540983606
Unknown,radar_max_reflectivity_dbz,135,1525,8.852459016393443
Unknown,radar_max_vil_kg_m2,135,1525,8.852459016393443
Unknown,warning_active_tornado_count,0,1525,0.0
Unknown,warning_active_severe_count,0,1525,0.0
Unknown,warning_tornado_lead_minutes,742,1525,48.65573770491803
Unknown,post_end_longitude,0,1525,0.0
Unknown,post_end_latitude,0,1525,0.0
Unknown,post_path_length_miles,0,1525,0.0
Unknown,post_path_width_yards,0,1525,0.0
Unknown,post_duration_minutes,0,1525,0.0
Unknown,post_radar_tvs_count,0,1525,0.0
Unknown,post_radar_mda_count,0,1525,0.0
Unknown,post_radar_structure_count,0,1525,0.0
Unknown,post_radar_max_shear_per_s,892,1525,58.49180327868852
Unknown,post_radar_max_velocity_difference_knots,892,1525,58.49180327868852
Unknown,post_radar_max_rotation_velocity_knots,385,1525,25.24590163934426
Unknown,post_radar_max_reflectivity_dbz,83,1525,5.442622950819672
Unknown,post_radar_max_vil_kg_m2,83,1525,5.442622950819672
Unknown,post_land_developed_fraction,64,1525,4.19672131147541
Unknown,post_land_forest_fraction,64,1525,4.19672131147541
Unknown,post_land_cropland_fraction,64,1525,4.19672131147541
Unknown,post_impervious_mean_percent,63,1525,4.131147540983607
