ml_split_group,events
ml-group:00048f918ab3012c67e61024,3
ml-group:00099a59c28d349a2ee348ce,6
ml-group:001e0bb8276887f38527e349,2
ml-group:00360ff68d352305c93f1ea2,2
ml-group:00465529bb2c87ef4c1115d9,15
ml-group:0046841364002e4256d79f58,27
ml-group:00712ba8f54558209ca0afb6,46
ml-group:007d8789cb9271f263a658cd,2
ml-group:00861642e14027e179e04ea2,32
ml-group:00929ee2ba37fa1bd5b4308f,2
ml-group:00d3c837adfa6d5e21d29eb5,34
ml-group:00dfdbcc27994c91101b3872,7
ml-group:010237ed90fb15718998d9be,6
ml-group:013d8df5956d3d8ea82c93f5,2
ml-group:013e15a65f0ef80f9faee1a0,39
ml-group:016484a3da6a54e8aa9b4974,2
ml-group:018a03c035b6a7694e153cfc,1
ml-group:01995f58bd37e25069f5d8bd,2
ml-group:01b010665c7ed6c709b6ce76,2
ml-group:01c16022a06553568d9f2aab,4
ml-group:01d9d0f0ad7631e95b81f4cd,3
ml-group:01f93dc6b687fa1ed8635b07,3
ml-group:01f95c4b52dc090301187e1a,1
ml-group:023b94b765adde2bfd4471ed,1
ml-group:02461f7d2ae3ef5455ffa570,4
ml-group:0249af730b9cac83fa333098,29
ml-group:027a1c68b739164e49db34b5,2
ml-group:02ed41b4073c253a69fc6ca1,1
ml-group:0307c35b61f0303494316658,3
ml-group:031e680431513d9a8ff51624,1
ml-group:032dbbfb295b95a7fef5881e,6
ml-group:03489b5af1f2940bc841c739,2
ml-group:03569df5ee4114953b812b8c,17
ml-group:037a8549219916b2c3e17697,1
ml-group:03865e5d72c6b4b5a176b361,14
ml-group:038d11ae8c60989c78c9af95,2
ml-group:0397660c314dcae5a189044b,18
ml-group:03a3d73bacf1371b5c11f7c4,5
ml-group:03c17c93423c2b5ff3b85b27,1
ml-group:03d4337c12e1256e56888961,1
ml-group:03dd2bc0b0cdcdc6cdd4a195,7
ml-group:03fd4428e94ac9c2026ff5c5,4
ml-group:040e2ea47e990d3c81b463db,2
ml-group:040e64241bbf17cd8d3d2be8,1
ml-group:0434d5f1fe2439be3d620d5e,19
ml-group:045e4fd44894edd69756878b,1
ml-group:0475f3b4cc484972f0966e83,4
ml-group:04836e2ef0752749e9a5c67c,2
ml-group:049169df08e62f0ea5588f0b,9
ml-group:049ffe3b70e2ca87f29e18c1,2
ml-group:04e50888a1ae346079a066fe,1
ml-group:0500a487fe4fccaa81aa0588,3
ml-group:0501fdc993102c6c9240d56d,1
ml-group:0507d46c68b5fe24b47c8fc5,1
ml-group:0508300920359b736dc4cfda,21
ml-group:0535820a53e116b1eb576d78,4
ml-group:05714315c54e8c13b1e10f5a,1
ml-group:05876445027c2e80b692156d,1
ml-group:05be3f2a4e32d4110ea85cb8,2
ml-group:05cdffb5f8c0735705a8c98b,8
ml-group:060d7008cf1521e04a3e73f5,1
ml-group:062724665e7b43ee82e565d6,1
ml-group:0647c78d7ff3b2e8e0f65e57,2
ml-group:0651a3d24c9c24d19d506aa0,1
ml-group:066780d083807c4244a9a43c,3
ml-group:06a39aab0897acf047f78185,3
ml-group:06b9231fd0f8c2fe23146f67,4
ml-group:06e8f6827bdc30aeb4d765d5,2
ml-group:0742ada4acfe843973036ee8,1
ml-group:0749a20c3810f094e8ee4e47,3
ml-group:07584f57e3d307034980b441,3
ml-group:07595de994a0982b5a92ee12,5
ml-group:0776d041fc485aad31088885,21
ml-group:0777c5207d2f462fb7e71d83,1
ml-group:07856dd56c99c761c92091d9,14
ml-group:0789c505856a998ec4e5e792,2
ml-group:0827334317fc16599374b188,3
ml-group:084059564087e280954d1dd1,3
ml-group:086def866a6694072cefe462,33
ml-group:089714f371a60a5dd28fc013,11
ml-group:08b84f22f5cff401a5dcd065,4
ml-group:08bad537c57dc8cc34fd5392,2
ml-group:08cac6bb6ba7075bff612d26,4
ml-group:08cea6a0c44e1b14a02f57f2,1
ml-group:08d92df8eb15d277d557f485,51
ml-group:091cc5ab4ba00fd3d76a7e77,2
ml-group:092a1df13528be71365a3ed3,6
ml-group:093a7dd0da4ba5732234987a,2
ml-group:093ac3e2d12b8c8bab42c6c9,1
ml-group:0944a3caa3517978a6184c9b,5
ml-group:094eca05680e64b31fcc2cc1,8
ml-group:0958b55341703da0fff07657,21
ml-group:097c3dcd570bcac2ea8c6903,2
ml-group:09a0a16c7098ce7f4d30816b,1
ml-group:0a0b257b53335aebe298a583,2
ml-group:0a1b35ec4979be86f229a295,2
ml-group:0a466040dd96069df1be07b1,1
ml-group:0a4f75a7fe7df5b4c827c565,59
ml-group:0a5c846e58e407a4e8bf5897,45
ml-group:0a685cd46346563bc03c9cc2,13
ml-group:0a9a32d7e0a699d122d647be,4
ml-group:0a9affba225c464dff707d21,10
ml-group:0ab276d8388cb260103ed990,3
ml-group:0aba6fe597e4727c99ddb76e,7
ml-group:0ad02692f8f112e5e684beae,8
ml-group:0ad15327dce8c9b7b56a20c9,1
ml-group:0b1774bc9629ca1ce89c8707,2
ml-group:0b1cf4852ea5b5934898cf8e,1
ml-group:0b28d0f003f98406fcc22f2d,1
ml-group:0b3d0da79992eb3cf19aa1f7,4
ml-group:0b8dae7452a1df255eb15121,1
ml-group:0b90c432e7c208e5b8761fc4,3
ml-group:0bbdb1be559045c43aa512b6,6
ml-group:0bbe90399ed928b6aac382c7,1
ml-group:0beb4bba95e385957f416693,1
ml-group:0c0f301099f9db14be88a01c,3
ml-group:0c18d46a1d57877b90892e4c,1
ml-group:0c1953f935b366bb5dba5f2a,23
ml-group:0c2502f3b2b3d9d6ddf4e398,27
ml-group:0c3b928e0a9824c6f6cd31a1,10
ml-group:0c52d4c690e001cde528563a,19
ml-group:0c6684e2829eab73bedc1aa7,1
ml-group:0c8517c383a1ea84793a1a57,1
ml-group:0c9637ec1d6b4a0008553460,2
ml-group:0c9e87c8ee1b787e2b4577ab,2
ml-group:0cc288bdf5a59ede3239514a,12
ml-group:0cc5e4c2904ea14e14235def,5
ml-group:0cd79a658ec6fbba35733b19,27
ml-group:0cd813714bfd2b9038581b06,3
ml-group:0d05635fa3f9c1cf6fbedfb6,7
ml-group:0d13fabd9ca64c8ceddefdbf,1
ml-group:0d3ecdd62679fa254a7021b0,4
ml-group:0d3fd71eb6fdd32f80a31317,3
ml-group:0d4d8e4d2943f6cd923c9f1a,41
ml-group:0d69e90ee657b56ae71f1237,1
ml-group:0d898a01bc5d1f362b5d99ed,13
ml-group:0da0aa89a58dc677ea9b8717,1
ml-group:0dc02962dfcad3994956f657,2
ml-group:0dd31e6fb9645b5acce180e5,4
ml-group:0dd3666c4a90dbca638b26aa,1
ml-group:0e2e503598aa96769906688e,2
ml-group:0e5a978b91ced8805ad26456,1
ml-group:0e5aa33ca5c8804735a74c23,98
ml-group:0e6c79cf729dcc335c361eb6,1
ml-group:0ed24ee4e4a9421738158fcb,8
ml-group:0ed71842a19ae2f8d7055a0e,1
ml-group:0edd0ea537a8363e5b5ddc5f,1
ml-group:0f03022dcb10269626ce07f3,5
ml-group:0f1fa223007670645cad5729,7
ml-group:0f27b995cc118b017f6b49fb,1
ml-group:0f689a302586c1078e7577e7,1
ml-group:0fa0fe2ee081623f3a423880,1
ml-group:0fc0485f55b04f7e7778aaa0,19
ml-group:0feb3e77ff323fe79417c570,1
ml-group:0ff47df856e91116bc346cfa,1
ml-group:100b52b98851c2e697b165b8,5
ml-group:101166194a5e86d78d669cce,5
ml-group:102e1db1bad408370e611479,8
ml-group:106831c7f867cdc48cff7685,1
ml-group:107c01eac6d3a1491551f8f7,6
ml-group:108d29706f3ae32e27efc89f,7
ml-group:10a36d1b44fd996f8778052c,11
ml-group:10bc2846b3b1ae24a2bb6670,1
ml-group:10c134fee91ff570f223a15e,2
ml-group:114c433ea0027f3144709589,3
ml-group:11784502346cf455a14a3bf8,1
ml-group:11be789fd562b43053fc55ac,1
ml-group:11e8cc53e9aa5f573bd9d0ab,2
ml-group:1227757554fc11fa3f11f220,1
ml-group:1229e36a8c2629da08a95be0,5
ml-group:122b32d1c98ec2706a321d88,1
ml-group:1260031ec4cc7cb4455ad3ce,8
ml-group:1263f8e0123d51b0df7c2167,1
ml-group:12696c8f1713df20382421f3,31
ml-group:1276b6c3639f2303f3dbdeb8,6
ml-group:12c85f9df52ddab100339efa,2
ml-group:12d182de16e8f5ae1e999c93,5
ml-group:12ee97638a0439cedfdf05ed,1
ml-group:12f62be6ee764fb89df1cfc8,2
ml-group:131b003df213001e1365a9c7,17
ml-group:132d7e15b76f664b5e6f464e,16
ml-group:134243190ec6c7f17cee5783,8
ml-group:13439d0a967170898d968b6b,5
ml-group:1391b2f2e6570f188d06d4c3,1
ml-group:139f84ea4eaa7afa5891effd,1
ml-group:13b2250bb7e32cf761ff0869,6
ml-group:13cdde003977d73b7328a01b,2
ml-group:13d3dc97387c264b52d97165,6
ml-group:13e44248cc911bbdd04d095b,1
ml-group:143268f340c390c7a3085cb6,1
ml-group:1432d72d8ad4f51b6d0cf69f,1
ml-group:144b9da275f2ec4e46ac85d1,1
ml-group:1464c81e962d4571830196f2,3
ml-group:149a59b6767292a2ee4239c6,2
ml-group:149a8f8c452b13e3cd50d662,1
ml-group:14a23ad5e9644d14a39f9c3a,3
ml-group:14a2ee49ebe12498960ad577,76
ml-group:14fb1b065ad84cd2ee3c01d0,1
ml-group:1535331ab84b5ab6c4c243c1,7
ml-group:1556db971e484931e6a33f7f,3
ml-group:15942685b3abb87aefaf11a0,1
ml-group:15bd87d83b10a57e8bc67e06,15
ml-group:16042d86d6f5f8ce0454f309,1
ml-group:160eaaae5138a6e3f2a408f9,3
ml-group:1612604ace6aed292aa8342f,1
ml-group:161d62eb66882eceec8f5ccd,1
ml-group:162861ce416e738b9c7653c8,1
ml-group:16494c473d346998b365404d,21
ml-group:16522984a4eb565d64ddd3ae,4
ml-group:16736da354c53ecdd2cf4281,2
ml-group:167c0966804b48377dc88796,1
ml-group:167c509d9c5459f78a86e615,1
ml-group:1687de0be8772a7135fc0b6e,1
ml-group:1712a604579de8437eabdd7f,37
ml-group:171388e7e6dbbaa51a3f2105,3
ml-group:172441caf0c848ddc8c550c3,25
ml-group:1725cb35274b928dc58c6ddc,2
ml-group:17423e94fc489b0866bde3a9,3
ml-group:17600f46b2cec00ca8b8247e,9
ml-group:176b439238de44a34e0dcd9c,2
ml-group:1780c6196ef620151b75a203,1
ml-group:17998c64f1a5d1cd309da0ce,2
ml-group:17bb0a7fedcc5fffe0a1ce16,3
ml-group:17bba7060ef35cf124256df3,23
ml-group:17e51173364ee478dcdc6a7d,1
ml-group:17f297a97b3cfb9f5ed20568,5
ml-group:18022ad208e9c104a1665f13,4
ml-group:180dc0131986e7975360231e,1
ml-group:1819817b6bbe74728f1890c8,8
ml-group:1838aa9b00f3f6f7952af1ec,7
ml-group:18508cba3b836a9868914e9f,2
ml-group:1860c458e20538effc299411,1
ml-group:186e5dcb6610ace9d512a457,70
ml-group:187e3d6af9f879cf34f3ba01,6
ml-group:189f0fdece8f4fba7a94c3d9,3
ml-group:18a45ea359bd3bf840702582,1
ml-group:18b6c6c4efe05ec25f8b9999,2
ml-group:18b902a44d3a2040f63f6845,3
ml-group:18c68e009aa984c8362338ac,1
ml-group:18c9f3b3362f664c05b2ab74,5
ml-group:1907549578553446863c6f7b,6
ml-group:19179816ca21c8f1e113b6e0,2
ml-group:191895bce394bf0805bdf960,34
ml-group:1954a0e22ad688455965c431,5
ml-group:19571f14288ba615e769fd2c,12
ml-group:196c98960a30e158890abbbd,3
ml-group:19780a576d2d9cb769679240,4
ml-group:19beba35c399160fa60112f9,2
ml-group:19e618d9f8caadb01f07550f,1
ml-group:19ef24fcf20cdb6dd4f74ca7,3
ml-group:1a28c2ef578ff4fcc0c6ce3b,3
ml-group:1a63199ade4dc1b8cfa395b8,1
ml-group:1a861ab646d7092458cd225e,1
ml-group:1a908cfd41aefbe16b4c3068,2
ml-group:1ac9bcd1fa675713d556e1b8,1
ml-group:1adef61b2ab2c14a727b5238,17
ml-group:1aef703c89e74cdb1a3250a3,1
ml-group:1af150ed8d9cf6d3a87ad90a,1
ml-group:1b01f6e2eb1c038296923c78,4
ml-group:1b08f63ecfa6f3471cfd7b7e,12
ml-group:1b27a692a0796242c39c8e73,1
ml-group:1b2fa05bfb2f764e2407268f,2
ml-group:1b4eed1ea6ce62865f79fd21,1
ml-group:1b4f6fab115ac4c4439af872,32
ml-group:1b786b0e5c650099ba1d2245,5
ml-group:1b82f983f2749af45af4ecf6,3
ml-group:1bb67fad9801e8751ee8a7fa,1
ml-group:1bbd7e944b9853bf65b77df7,15
ml-group:1bde5bc74f32c492d043a825,1
ml-group:1bf014e7c326bc9aa8202864,2
ml-group:1bf5450b941b5bbca3f16a4f,6
ml-group:1bff3c9b81f191faaabddb6c,4
ml-group:1c0c2a58a1261a58dda4009d,3
ml-group:1c29e3ca5d01e85168a50b7f,4
ml-group:1c459d0d0c58734d36dd7bd1,1
ml-group:1c65cade6a6187cf1ce2c363,1
ml-group:1c68b68ab5cc6e52c5b77c3f,20
ml-group:1c78c8de1ba5995d126862e4,4
ml-group:1ca2b40cd9e8b9a1e880ba84,46
ml-group:1cc8d3870be831c6bfaa48f3,13
ml-group:1cef1700ee6166739585f241,2
ml-group:1cfc85de39fd80b1adb4e43a,53
ml-group:1d1be50fda62c0aaa25ca5a6,85
ml-group:1d34f6c6a7d6e9506b72e57d,9
ml-group:1d50cbd55ab8d93714fd8dbb,22
ml-group:1d50cc7d8da3f9392fe8c038,3
ml-group:1d5e1fbc50ccb4cd9ddc5887,2
ml-group:1d633d09e57323d77534f146,1
ml-group:1d64788b76e25c90dd8aa971,4
ml-group:1d76901b344d459a7aa476bc,3
ml-group:1d82bf96393d02bf539c71f1,1
ml-group:1da2dddc8578b95dac0cf85a,12
ml-group:1dcb9d5c4f4e4150d5a227f0,31
ml-group:1de0016e7976eff019bb0174,47
ml-group:1e06804484ad6f6730db4784,3
ml-group:1e1435820ea46c97452f3d0b,1
ml-group:1e5c365e30186a86d57c81b6,3
ml-group:1e91d7f739172ab547e5a335,1
ml-group:1ea9f0dfb1d0b835f88826e1,1
ml-group:1ee31f714c6c318654576b07,11
ml-group:1eeb23a75969f160507a53fe,97
ml-group:1f327397cd2cbb156a248dc5,10
ml-group:1f5ecd0e5b435b70f37fb53f,8
ml-group:1f65fa2f9a4840c44ec8526e,3
ml-group:1f722d72d090d7f79e1ed3f2,1
ml-group:1f8facbd1f73bd2bc1ea8ea9,2
ml-group:1fbb21daddc67b9959814824,4
ml-group:1fc24b207d7a9a2d537c2f1c,2
ml-group:1fd6db8b597b761d6c18383c,50
ml-group:1fdf36b4d18a25c1bb3c2906,4
ml-group:1fdfa3bc2487c1ae1da8dc06,3
ml-group:1fe1785fd5eedb7923f43aba,5
ml-group:1ffcb8329eec5813d736122b,3
ml-group:20098675530e7448ea5aaf76,2
ml-group:202490b4dcfecd46faea1387,2
ml-group:2080666743c280878a36ff84,1
ml-group:2085df47598d3ecc0f7f4b60,1
ml-group:2098904bc823670effad6eab,1
ml-group:20d00a2e963087a63dbf0774,1
ml-group:20d25d13c015b1abbb14d79c,2
ml-group:210fc694b0b6d4cbff0a8609,45
ml-group:2136dc68a51af274d6989c55,15
ml-group:21401ea5907862fb72c46caf,5
ml-group:2169a305bda2aa3a9f80d4e2,4
ml-group:218fa6074d3095dffd7ad5ab,11
ml-group:21a7f141b5f0aac5d82529e1,2
ml-group:21ee85f3bb97b7d72025c484,1
ml-group:222d61e6fcaa6b1afe181914,3
ml-group:2247c679719594daf641dd63,3
ml-group:2261375095b99f5ee715edce,1
ml-group:22926f432bbd314e0febca37,20
ml-group:22a276d3ca5617c0c3fe4293,34
ml-group:22e324a89901c631e142e63f,1
ml-group:22e99b2145f0ffa37b9c7f13,90
ml-group:23059a02df46d5ee349ad15d,8
ml-group:232b10c905cbac28727d3d9e,1
ml-group:23319080c7d6c7b166b16aad,4
ml-group:234056759587b52bf181d479,2
ml-group:23827782cbb36466016e1f07,5
ml-group:23964beb9fdeca1bfbf5d78a,2
ml-group:23f1cf1e0e38c9ac6d2d9b76,2
ml-group:240511c8ae166902207e677c,25
ml-group:24068e72319065a664fa84a2,15
ml-group:2415ed261e3c10cae6aa8037,2
ml-group:245701d112af74e9f07647fa,1
ml-group:2493a3cd7740e9b964e48533,1
ml-group:24c38a916c0e8f89896b8431,3
ml-group:24e0ef7d7fea4e4e1489c33c,1
ml-group:250ebd8a2f297d6201bf9709,8
ml-group:251feab1eb2326e05081aa10,1
ml-group:25385e50e59a2d0d15c7cb59,1
ml-group:254854cae1d05f68a753f65a,6
ml-group:25492bb68352ea72565a1922,1
ml-group:2552c08ecb4d7921adeff754,5
ml-group:255450225921dfdde8d39f10,6
ml-group:255b25a94933f08c425fe4b2,4
ml-group:256ede23cf298514d38c3078,4
ml-group:257943b1cf120c328d9149c1,2
ml-group:2598bf6a076442ff9c9a008d,4
ml-group:259fce1e9c72fd59a4c2df51,14
ml-group:25a282692a568064cfdc81e0,8
ml-group:25a7517ee9872ad613a7402e,2
ml-group:25aa25307555c856f50d3de2,2
ml-group:25b971ac497a5cdcbf9333c2,34
ml-group:25c075c27190799ed006c564,2
ml-group:25d70a699b98d8857dec5fe7,4
ml-group:263bba4e88a66d5c6cce0b33,1
ml-group:26433942789ddcdf391c6d38,1
ml-group:26841234584ce5013d187002,1
ml-group:2686f82f8d59f51e8403932f,2
ml-group:268f9a671472bbaff6449fa9,7
ml-group:26a2f569f5949cb74e74e31e,1
ml-group:26b51d35a48ed1e2f874ab3e,2
ml-group:271a5fa648837030b05e931a,4
ml-group:272ec94491a8bbd48eb6e5ef,13
ml-group:2741a0c2404f9c481b0fd3a5,3
ml-group:2783dc59346f8d5f112f2eac,2
ml-group:27b2ab9cb286bda7156a22f4,285
ml-group:27ee9905ef1996986a7f9f7a,6
ml-group:27f13e30febfc9b916422f8c,1
ml-group:28671a078aee0782583558ca,2
ml-group:286b5d1d995d68a87c708bdb,2
ml-group:28709dff728f9904adf1ae9d,2
ml-group:287623638cf760eb4621e830,3
ml-group:288f1765f726a4e4d86cef41,1
ml-group:28991fc5c90914cba59aa7bd,1
ml-group:28be55c52f17841d2ce1dd33,2
ml-group:2901521cc73c58866e4c7506,13
ml-group:290f5cacf102961cde6535e3,3
ml-group:29355e8c42cf8dabae93c19b,3
ml-group:294281638fb9eace53975751,1
ml-group:2943714a276f15f0e693e7e6,3
ml-group:299f4d344519949d6cd156fe,7
ml-group:29ac451fc237258336813986,2
ml-group:29c846a34d28437d7a36aeae,3
ml-group:29f9e3399002a0068eed78c5,2
ml-group:2a0ba1335b8a9b0edec378cb,20
ml-group:2a712c2a42c76ffc9e46f646,34
ml-group:2a78640b4baca3ff7a96ee73,1
ml-group:2ac2c3861c7858fb435e44dd,1
ml-group:2ac7312efed2bf257870ba3f,1
ml-group:2b05cfdc990728b868763955,13
ml-group:2b083a294fa8a3fbdd89d364,2
ml-group:2b391b46db7e62e1c02036b1,2
ml-group:2b42520a660e86fc38208a70,4
ml-group:2b8c005423f8d3c1f514c059,4
ml-group:2b994355464b5d26efbdafa0,3
ml-group:2bca567c150333f76b190c22,7
ml-group:2bcc5d4ad0d83c217f77dff5,3
ml-group:2bf603e4a8d5eb9eca60d3d6,2
ml-group:2ccde375dc5e79e9af869159,2
ml-group:2ce683bdf7d0e8ddb013ed06,7
ml-group:2d0273d67fbac356b43ecaaa,3
ml-group:2d2a5ed4ea17ca1bae714ab3,2
ml-group:2d4b6909ffb8d6fd0104944f,1
ml-group:2d4ec14d30e60a0a401cf059,9
ml-group:2d6def3602ec432a3119ebfe,2
ml-group:2d99924dd05a656ee40d8f3e,1
ml-group:2dcbcfab074359ebee6b044a,1
ml-group:2e18ec8bd482008f5180432d,5
ml-group:2e68d8689d5422a1b50958ce,2
ml-group:2e9d8c902f4c73baaf4e8c22,4
ml-group:2eb0f75e154b9e976a045e39,9
ml-group:2ec0e7f7e2a77c2da46c5563,4
ml-group:2ec212627a5a726692c72b95,11
ml-group:2ecf45519f8f596a7003c3aa,2
ml-group:2eec3ce52b85125389564d9a,9
ml-group:2f147c5e23ecce9459caa8d2,5
ml-group:2f3e674697fb85b01a96c26d,1
ml-group:2fab67a53bb92adeb635c2bc,9
ml-group:2fd580db6495d41604b12b72,2
ml-group:2fe6b4e1da4ed63f781bc4c3,27
ml-group:306ab12b8df48647b5f71db5,12
ml-group:3090783b0c86ae6ff1819187,1
ml-group:30b3f2384f94cb6496a86b6e,1
ml-group:30d151a677415f6dbfaad57b,2
ml-group:317bd47f4dcd745ac98cf9d1,1
ml-group:31912f2becb79781ea4fbc56,1
ml-group:31916ce4022de86246f9a9fa,9
ml-group:31985296414f76710a22a70f,4
ml-group:31a269ae86e61f0e37849417,2
ml-group:31be40dfe3dd7657c46cd587,5
ml-group:31c7342094e9845ffa10d32a,2
ml-group:31cc286be30fae41f77b7755,5
ml-group:31cf03d3b0717edfcc2c53f4,7
ml-group:31ed5ab0317ceecdc05e141f,1
ml-group:31f7ecc1fc8ac701236fde81,11
ml-group:32026fce32d3f1d530141613,3
ml-group:321ce8cdb4426a1147172b57,2
ml-group:32260a68d409c47d7a6be89d,2
ml-group:322f08ab72184a60763ea7bf,4
ml-group:32395bf07f623759cc3365d9,12
ml-group:3246c9b6f398bc14883c9eae,1
ml-group:3258f8504183bac96afd1bae,4
ml-group:32870d0222b3f0579d312ae4,2
ml-group:32a3c8a32ec241780196f5bd,2
ml-group:32e20dd6c982f14a7f7e32be,4
ml-group:335ae0fb2ff7539fd54cd69a,4
ml-group:336bc8fa71bafb4f506bffa2,4
ml-group:33794d06b0c12e61cba15e26,11
ml-group:33796d99c7080ac0a4f37034,1
ml-group:33a27ac8256ba474253bbc24,15
ml-group:33a29f37f7a1d4693caf6bbe,2
ml-group:33a2c14d27235aee32ae0388,10
ml-group:33d2ef542f5109c3a4e3772a,1
ml-group:33f157a59ef023906f35e899,7
ml-group:3434983cc68b7f6a4bfe4106,16
ml-group:34414a00629ba76e7488f436,1
ml-group:3446292faafe79c4f7d0c1f6,16
ml-group:34524554e70332514d0cd551,1
ml-group:3460fef03b54fbfc026062d0,68
ml-group:346906ba432b4cbff06ba6a0,7
ml-group:3489dcc0411c07b1e56ba2aa,1
ml-group:349322f3aa7936968f2ea3c3,2
ml-group:34a435879bafa2d27ca18fdd,5
ml-group:34b08198c626de537feafe6d,31
ml-group:34b27d880d56d406de268d1c,19
ml-group:34fc381999a9e4c1d5159829,1
ml-group:353fdaefb2d9fc930153d79f,19
ml-group:3542bd0e860d7b1d08dba54d,1
ml-group:3542fba24074f5ea889f47be,1
ml-group:3550a33537b594c3894b906e,2
ml-group:35561e287b54cb053ba509ee,2
ml-group:356057c7ad63dcc197cb9d9c,1
ml-group:356f02a869c42622602b3c57,11
ml-group:35b4bab72705efc94fe8b701,2
ml-group:35cf7a13029808072b7e7d3a,1
ml-group:35e34d07bcf081c540d86ac0,2
ml-group:35fc3792c05455aab8673ee9,1
ml-group:3609d7f96e9283fc8cab5aaa,2
ml-group:3622c29cdf7d34a9828675e9,1
ml-group:362437160f407180c6760a87,2
ml-group:363ac79f3dd54435f26a3277,3
ml-group:3646141648a7612b56a3a577,5
ml-group:3670c6fcd5eca311ebf1eac9,1
ml-group:36792e58ca5b497ea56b3aec,8
ml-group:36b957753ca5f820ab048983,3
ml-group:36dc817460fecb0de0db203d,1
ml-group:37091a2ad5773ca781ba0b5e,9
ml-group:3715f3f68f4464976d82f24c,3
ml-group:372399ef0a1371db11c5ab12,1
ml-group:373aa0ebd080bd5461ae4a98,1
ml-group:37501dc72e280976c14b1693,13
ml-group:37846637b3d7d5823dd05829,1
ml-group:37987b914fc387c76bb15585,38
ml-group:37aa8e80c90e4e5cb1089818,1
ml-group:37c60cb067e6a80de918a318,2
ml-group:37c661755dcb2f9305d6975e,2
ml-group:37e3f83744f2987ac40fff8e,11
ml-group:37ff29795ca9afdd27886727,1
ml-group:38081863ef142364a57b7fb3,1
ml-group:38197a942d2987384c1fb28b,2
ml-group:382f817be7b748bd42c2128a,4
ml-group:382f82b65fb86d01b0a4fabb,4
ml-group:389f89c0dd7dea75a776aa4f,6
ml-group:38b57bfeddd52ddafd722e3e,2
ml-group:38cff6db7a83fb5ed49405aa,12
ml-group:38e04739626bc30564fd44ab,1
ml-group:38f4826a7fbe86f8846fcd7f,12
ml-group:393deb2b8c8b421d99cf8346,7
ml-group:395372471ded363e881fef22,9
ml-group:3983d086e93be09871f90392,2
ml-group:398d7460876e79b6c6b0b65e,1
ml-group:39931cbc300e7a7288bc42ce,8
ml-group:39a98cb70a79cd0d939ad308,6
ml-group:3a0596e4699c9b085d8fad27,1
ml-group:3a18e6d58f68c89cb8bd740e,44
ml-group:3a204947cfc713719ce730dd,1
ml-group:3a250ce73b2dd4cdd43e8ef8,23
ml-group:3a4bfbbc9116dadfc2f90757,34
ml-group:3a587d58ec758515414963d5,3
ml-group:3a7a1293868790213b5d353e,1
ml-group:3a9a7125d927135e4381560b,2
ml-group:3ad1c2d28a9bd8691fc7957a,2
ml-group:3af4767e7a6196ff636d4433,1
ml-group:3b0327254ea62f57b877870f,1
ml-group:3b042ff52714decfab490148,4
ml-group:3b3a30c1603fca95d2f530ea,7
ml-group:3b486ae7cd243a75ff9f4f31,2
ml-group:3b5a00c05a9acb173ced549a,14
ml-group:3b61acd366ff0635b533041c,1
ml-group:3b6f5bad55a936b9f594b1dd,4
ml-group:3b8afc1afd66248e1866bfd6,3
ml-group:3ba0b2cf42f2e9d9a6a5fc96,1
ml-group:3baa2d55258a717d7993ccd2,2
ml-group:3bac212b062e44b18b40b8ea,3
ml-group:3bb29fbb04ca4dd105418ea2,1
ml-group:3bdceb2171b754776a0bd7ad,3
ml-group:3be87df9b62fdb755e468ebf,1
ml-group:3c4364a54c74ccba4a4208a0,6
ml-group:3c50cdaa305b8c132bbdd33f,1
ml-group:3c62b4295d4ff16d0339107c,3
ml-group:3c988ef2324a01ba32db737e,2
ml-group:3cbbd1d259ffb1043ff26bbe,1
ml-group:3cc4f2afccdd67cd97ef7cfd,65
ml-group:3cdf83a602994d5406473d4c,2
ml-group:3ce130d8837cb22468b86cf7,3
ml-group:3d272120eac709baaddfc765,31
ml-group:3d4573bc0966f1f22cd2d373,2
ml-group:3d4dda0fefc084f41e7667ef,1
ml-group:3dd32f31d5829d627404063b,1
ml-group:3ec5f26629381c58564bd219,7
ml-group:3ed208423c28085ced392bfd,1
ml-group:3ee19234a19a73fe54544951,3
ml-group:3f16230e0b836447aaf67819,2
ml-group:3f1623abc6886606d22354b7,1
ml-group:3f1a214e3225c62a65cb8cc3,2
ml-group:3f4ddb1fc2f3ae77c9755596,1
ml-group:3f4f7362040920da2ac1df92,14
ml-group:3f8fd199081bec94ee31f7e2,26
ml-group:3fc8aeaa25d6cde488acd964,3
ml-group:3fc9a51a11ce29d09ecf16d5,24
ml-group:3ff806112fa5699df6778cdf,3
ml-group:401225c693ade45e361fb9cd,1
ml-group:4053ded2a639ff07560cb54a,9
ml-group:407413d81e5cc694c43669bc,2
ml-group:408570ff1a11807e55d2422e,1
ml-group:40915a02af4ebc9a15309ef1,2
ml-group:40b4ff85adecfe6a0502f4a1,6
ml-group:40ddc23d6da75345fa172bea,3
ml-group:4108c879996c3ddedf486e2e,3
ml-group:412fe2e9b33b49cdd6ac7df4,45
ml-group:415f5ee328778ab2897c4927,3
ml-group:418e3c79143cca16a8882d03,2
ml-group:418f8d6203a33db993929fa3,1
ml-group:418fbf9d3f8e828bfb1862a2,10
ml-group:41a2be67ef70ee0d7b08de1b,5
ml-group:41b38640f31dfed142a10bfa,1
ml-group:41c655316f66fdde00fab527,7
ml-group:41dcb136072ab1fd6e34b7a0,6
ml-group:41f342bcc53d3179c235bdb0,1
ml-group:4220551013e3a8988a377244,2
ml-group:422bb5cf0d259503acc1c1bc,9
ml-group:4261fadcb62e7f80b693afcc,2
ml-group:42a99efadbb5bd03312dbc26,2
ml-group:42c2c7b0422946ffe890cb9a,5
ml-group:42d68a44ac48894bca9fb47e,3
ml-group:42ea5ad353cc5591a8a0812b,2
ml-group:42f7a924bccf74da3ef5ff23,56
ml-group:42f83febcec3911223d6083a,1
ml-group:4324de8f14142df42fb2d41d,3
ml-group:4335c9411850a435abb8bdba,125
ml-group:434a1a87b048bc4395713de4,3
ml-group:434b2288b8e1cd980d787ea0,14
ml-group:43684741806188a527d97dc0,3
ml-group:436e1393954613581caeb408,1
ml-group:43849e82e444b032643e733e,2
ml-group:438b10041266ca75cb47a529,5
ml-group:43b0b83e5769f4d9040a8036,1
ml-group:43b29c684fd09bdfc74a3623,1
ml-group:43c8b552488af1d169c4b8e5,1
ml-group:43d57bd9459ee53e8fcf2f3c,2
ml-group:43e699948fa79f1385bba50b,5
ml-group:43e7d076fab2270e8b93d508,23
ml-group:441a51ca3d41c261957913a2,40
ml-group:4466dd58c65c22a1b3004453,1
ml-group:44f2654ac64770a095167907,2
ml-group:4512ea784327b4daf73698f0,1
ml-group:451bb285d52af055cbcfd83a,2
ml-group:4523f25adef8d94ee5f477fe,1
ml-group:45349cbbc0f8fb4ced99aea1,1
ml-group:4554e68bea836470b0286e53,1
ml-group:4563711f5593ad8a1fbfa1d0,1
ml-group:45664981c737d2579f6ac599,5
ml-group:4576eaae1028c623f5f4be8c,12
ml-group:45aae9ac1f5e8022de6d60b0,52
ml-group:45ac68977e40cab3446f4be6,1
ml-group:45aebd9bede91df66c4f484e,1
ml-group:45e67eac94bfcb15a598ee2b,3
ml-group:45fecb79464460bd5abf61f4,1
ml-group:4607a1b0e9bf896573eda9ec,1
ml-group:460c3dbb25843bb5225047c9,1
ml-group:4631740ebf6e9af0b4f8d579,1
ml-group:4639e1bea7568cb3bdf34b18,9
ml-group:466abf27528ce93577895fec,8
ml-group:4673014190d7f0c456c6218f,8
ml-group:4682bbd20f2fe2290c5b40b8,4
ml-group:4689d4b914711e330d5ee385,23
ml-group:46902adeb6411690c45e11ae,7
ml-group:46930f1ab9b2b8739cb0c6ca,36
ml-group:46a0978cd97c8b7127715c8f,5
ml-group:46b6cfa44a9dd3c0b046b637,26
ml-group:46c3ab7d72d4ec3548e80379,8
ml-group:473dcdb01e45bcdabe144b3c,10
ml-group:4750102b068ba3edc28a9fbe,14
ml-group:4752451c967397438cbfd893,3
ml-group:47b7b6e4e31a39a2fb2834c8,6
ml-group:47f537716b4dd0b92a0b63cc,4
ml-group:47f638495f57c73ee4f08015,1
ml-group:4812a63e3233bd0aad347e5b,1
ml-group:4814caa61e15b009b6bc9d40,2
ml-group:4835431483a658f52bc32e4d,73
ml-group:4841c9c977c306a88fc0c35f,2
ml-group:4881e83ad43be62903225009,1
ml-group:4892b2a2df4291e7b0401918,45
ml-group:489804004899ae7e34537e94,12
ml-group:4898f0ce076f28829f9d5ad6,7
ml-group:48d40ffc36bffb1e51739e28,1
ml-group:4914e797dbce8de587da1684,1
ml-group:4918e30a17b0c20b78a9cdb5,2
ml-group:4925b0918ed71217ef05edd4,5
ml-group:4928da844b59a245b9196259,4
ml-group:49320c54c7678f6a5c980107,1
ml-group:494b8ce7dc740deca61fc70a,23
ml-group:498e2ae072e9ca31df7fe8ad,1
ml-group:4993ee8a00943c889626797a,18
ml-group:49b9bc230c2ba57346a77e4f,2
ml-group:49d32eb99eb19729296cbcc2,3
ml-group:49d3a5346f3f1cfaf11dc2ee,11
ml-group:4a0d557f3bca44110453615c,41
ml-group:4a16d3f199ce85dabc8c0585,1
ml-group:4a447904bbd4ad8519173519,25
ml-group:4a544be9a4949376cf4877ab,3
ml-group:4a96a3aaf795cc1648fd8204,24
ml-group:4a9be7af8266cbdf131d1b38,4
ml-group:4ada2533e84925e37b81b6c4,15
ml-group:4b4c2f11132f7eeee1772068,2
ml-group:4b63f0e6830b2f8fef718651,1
ml-group:4b6d3b42e81285e518d256ba,1
ml-group:4b98414aee6835e3e35231e0,1
ml-group:4bc4091e542741b1aad69098,2
ml-group:4bd2d4af48327971b4f47d89,5
ml-group:4bdf257455e1f0a17869b47d,4
ml-group:4c096f5236331bd81040fbfb,1
ml-group:4c15fb705d0edbb7f9e7274e,2
ml-group:4c1d76eafbf426d103d2e538,20
ml-group:4c37857ced55b7dad5d5d840,1
ml-group:4c4b438e9a74224fa8382438,16
ml-group:4c745b63cad082d69ed6b12d,1
ml-group:4c7a1299f14d4118db4246b5,1
ml-group:4c9f40dc95b28f4d3da8d1fd,21
ml-group:4ce4295de39ec578cc0d8b90,11
ml-group:4cfe1949be12d580fb1faccd,1
ml-group:4d0bc23888e2bd6a53fe7e3a,4
ml-group:4d301494a79ae3153a587bc3,1
ml-group:4d369e56fb796da0850b938c,1
ml-group:4db6430b713ee1e576906eb2,1
ml-group:4deb5c36c393daad98e5e03a,2
ml-group:4e13277334c8821bffcceff1,4
ml-group:4e445ba8f67ec3abc9f284ba,2
ml-group:4e5a916b12fd09aa59a8eb28,3
ml-group:4e8305c57c28208a1a5ee76b,1
ml-group:4f0e61752d09bce129edf8e8,1
ml-group:4f4c6e38a425bfe4e1717ff3,2
ml-group:4f5aa39934bfb1b6366233b8,9
ml-group:4f6b7718b6a0c5f0955cd9bd,1
ml-group:4fdaae6f21d1a02523418ded,4
ml-group:4ff9bd5d693eccd813a39137,1
ml-group:5006dbd078a5733192f75252,1
ml-group:50076d5d70f536d6291eef94,8
ml-group:507b155b42dc40f506f967f3,1
ml-group:508a308b76a65bcb526138ef,1
ml-group:508f8c514fa45a2895ace925,1
ml-group:50bebdef376fc51808a6c325,16
ml-group:50fa6e90bb189080824b9de2,5
ml-group:5127c76ef1f1c59079c5e23c,1
ml-group:514a6a102095982566f72fb4,3
ml-group:515c557f098db54a807cf744,2
ml-group:517008070239cac321da6590,1
ml-group:517d647e4dbdba1e84318f03,13
ml-group:517da06950cf86cd11265a40,1
ml-group:51d0d7040964816e1c849329,33
ml-group:51fcc5dd395214802e387af7,8
ml-group:51fe8359c203867b97cb475f,1
ml-group:524d11791738615eba3bc025,43
ml-group:5263fbdd0f706af727ab6d9c,1
ml-group:52e8be63129fea044b8a6c63,5
ml-group:5329167423b224d63d9ee885,8
ml-group:533c271a74d862b0b434777f,1
ml-group:53614461324f265b4852868a,31
ml-group:537e67d75ac67126216f96c3,8
ml-group:5392c7bdc207775bbeae9757,11
ml-group:539bc36862a9cdf93c7cc9bc,1
ml-group:53f1ec7056fe92a21c9a39fc,24
ml-group:53f68861c32ecef998a1fc3d,3
ml-group:5412bcb53e6a5425d4db7664,8
ml-group:543f6f6d7174aa905f8e4514,27
ml-group:54614d5e17a3a963c5d876c2,7
ml-group:54759907f7185106db2ec4fd,4
ml-group:548d0432c27c33909bf335a5,1
ml-group:5496ad40c2d48fd495cf92db,15
ml-group:5507e21b2b91e207fee44c40,5
ml-group:550a8f983d7fcf307abcbcf3,1
ml-group:550d3776ea9384c78c42d563,1
ml-group:5511b5415db1170e71681780,1
ml-group:55160a5a29b34a22442b7bb4,1
ml-group:551c93825780cf7bdc8f1c31,2
ml-group:55399ad4634069f9b3d4fea4,1
ml-group:5546b94bb4d2ed48e1c46632,8
ml-group:55945207564fd29c6c12c269,4
ml-group:55d288d0c83f1926fb8ae98e,2
ml-group:55d2af2f7b5cdc6ba42b3578,1
ml-group:55e6c75cb2de4db2e2e78a21,4
ml-group:55efa17bead0007e865e1b39,3
ml-group:5619f4b246fafe52baa796cb,1
ml-group:564a50c0f5c5458f7dad25c6,4
ml-group:564d1f438b40077779d5d60b,17
ml-group:565630703fcc3d92ca0a51ac,2
ml-group:565eaefcfb1ed37b91774148,2
ml-group:5668d9c1972ec4c291caaee9,7
ml-group:569ec7b8d540c0422ccca083,5
ml-group:56e51888e9ba271892946c3f,80
ml-group:56fbdfce079fdaa48800d212,7
ml-group:57008b6d14118666f542a037,2
ml-group:57047cd4b31dd9fedd250975,27
ml-group:570919873074392f910ff4a4,7
ml-group:5742060ea9ea42c95953b89e,9
ml-group:57591bdc383adc62ea13da1c,1
ml-group:57709cc27dd4b6236a67221e,2
ml-group:5774c36363b61640dcf54eef,1
ml-group:577b8c5d7bb716598c5bd799,1
ml-group:57a71b4b6019ece56b8528de,1
ml-group:57dc9847aa7a1f13152ef31b,6
ml-group:5817ba3d0e164def057e78d4,5
ml-group:583203c8936f8c057d2b5ca1,1
ml-group:58348893a19efd6e15353c33,1
ml-group:583c1cbc54983812061b1704,1
ml-group:584c024dcdf9ef9e36d5e1fb,1
ml-group:585afed7fbd289c8640ba1f9,1
ml-group:585b4424c246c1d90a0223e0,2
ml-group:588887fbed1789f4bee69865,10
ml-group:5893c81f464269f459bbbd18,4
ml-group:58c203396acdcfee379236a6,1
ml-group:58c45bbaa9e08320c2a17f45,14
ml-group:58e8e3bd0771676f5a1d6060,1
ml-group:58fc92e7d969f99c5532be84,4
ml-group:590941c9294766284386c74b,2
ml-group:592f77fde4a655445a37cd95,69
ml-group:5960a378b29105ad114588b6,1
ml-group:5978673af444f04fdf2f57b9,2
ml-group:597f4a1cb210b55962bba073,1
ml-group:5988bbbe3f1b482745369593,2
ml-group:59b498e41a95b146419e5f2f,23
ml-group:5a0a0b12d6b3f9363bb1fedf,4
ml-group:5a15259add47192542d00238,6
ml-group:5a3e8805e00f3bb0c2128b58,7
ml-group:5a4f487dbb8e949a959cef33,28
ml-group:5a564d090f26ec18628021ae,3
ml-group:5a8dfdc384586743357c24ed,1
ml-group:5a95001f8cfa37fcf19d5568,7
ml-group:5aa105059852005b7c816f59,1
ml-group:5ae00479c2776380ae7ad334,5
ml-group:5af90771b0fde81862077695,6
ml-group:5afacbc0d2738b718c54b1eb,4
ml-group:5b0068410662c4bb97e62460,1
ml-group:5b182bfcffc400c9c25dff7a,1
ml-group:5b34fe41877622d0eb73234d,2
ml-group:5b411100bc4b881a41a5d893,3
ml-group:5b52feef682f1d863b57807f,6
ml-group:5b706b579deb20bbd73061fe,1
ml-group:5b7894a4345e450af7693793,84
ml-group:5b980b770282d779ba40b8df,3
ml-group:5b98fbdb4293dd2b821f65fb,8
ml-group:5babc5188d8c35b90f783716,1
ml-group:5bbeea9d970c0d58b0ebe1ef,2
ml-group:5bc25920032dd428b21f1baf,1
ml-group:5bc2f1cc7e6af17758a65828,1
ml-group:5bff0b1974a50626284121eb,2
ml-group:5c5e0ba845a4f4a5ce7b2ae5,1
ml-group:5c9383e34e369eff69179a77,3
ml-group:5cc456658ad49c77acec6871,10
ml-group:5cd43cfcfece2c4a03db2fcb,3
ml-group:5ce58b0317f23be631eb6036,4
ml-group:5cee1d91a81543466b309558,8
ml-group:5cf18a41b5048e712a118f18,20
ml-group:5d54a37fdc786be45ea2b351,7
ml-group:5d9280b8fe37750346ffcd29,24
ml-group:5dab51b66cd8c398780b1869,2
ml-group:5de6485cf21e2982bc7a2f03,4
ml-group:5df3245ef29b2a2bb0014166,18
ml-group:5e18ab100b648ec80b5f0793,5
ml-group:5e1eba9645557fcd758ed773,3
ml-group:5e6254ec5beafe090d45b641,1
ml-group:5e6c7de37cefa404b78cc34e,1
ml-group:5eb6a0dd014599b9ec729951,4
ml-group:5ee8200a17740d3605a500d7,3
ml-group:5f2bfaf5b8b6208e5e734fae,2
ml-group:5f41e21759b5642290a84314,1
ml-group:5f74db9fbe906f201efe7ba2,10
ml-group:5f896c388fb9090ad905c239,3
ml-group:5fb9dcf8938b2c8dac4b0b28,1
ml-group:5fcb5d496c363e064895562e,2
ml-group:5ffe0eb9c287666b83cf98af,1
ml-group:600338a357aa2f137f97acce,7
ml-group:605466350b0c5c3cda7be466,3
ml-group:608378ecc58a43076149b247,3
ml-group:609e13eb2c2e7249fb4e0ef4,4
ml-group:60a58d9ff30d2522dd5de3b5,2
ml-group:60b07f6cd2eb052b12762aba,39
ml-group:60b2914458062454e3be9c36,2
ml-group:60bb07d254fe28dd4e6ab851,6
ml-group:60c259ad594b9fec9abd44d8,1
ml-group:60e86d4071eb94007c133d59,73
ml-group:60e975614526bd2da008836b,1
ml-group:60f8d43cabbed159197adb4d,2
ml-group:61154f7a95d4fcc99d14d08c,18
ml-group:61583fbb2b210e6f77eaca10,1
ml-group:61645c44166e8c98c902e258,1
ml-group:6177a43880f2438144c39262,1
ml-group:617e547c8a541a991ae3909f,9
ml-group:618cae39d6d0787470fb87f5,1
ml-group:619092c6cbb67ca822ae5c7b,1
ml-group:61a6024c23a3dcb28698c9bd,6
ml-group:61a9ff2af24ff06dc678bba4,4
ml-group:61c8ca647f522f7b25f55345,1
ml-group:620102b49bf44ba661b1190a,8
ml-group:620842e6cf4fa52063f9c2d6,1
ml-group:62191ff6a2cd097f02248959,6
ml-group:6223c607c73735af32d87c39,1
ml-group:62713ae4392443af3f4ae69b,1
ml-group:62758e055814eddf41f7e287,3
ml-group:6282a1539d3557a2a7615800,5
ml-group:62a4903043b222b065145660,19
ml-group:62c098ab5f9b95ee9c3c9cbe,88
ml-group:62cf8abcebe86b6b3d03b625,18
ml-group:62ee4d7c3a50531c52fca3fc,7
ml-group:6334366123b577e107924c1e,2
ml-group:6346c711fbc09ce963012dfc,10
ml-group:637fd68af8240b6eb279056a,2
ml-group:638389a68bb33a22f0663bae,1
ml-group:638778b27d35c55b994d391b,22
ml-group:639eacde3ee090f158f28baf,1
ml-group:63c2c507aff0ee2eb79242e0,1
ml-group:63e1a6d2972f49d95aa7ac2d,2
ml-group:63f11887ce09ca4353f974da,3
ml-group:63fa301d21137abc36dac156,1
ml-group:641cf937b1109dbf04e61616,4
ml-group:642bf2be23944e239bbe3110,2
ml-group:643330a1128c9a4e9eacd555,2
ml-group:64422b8ea9816093d56f68ea,2
ml-group:6457441b32caf1492d3e1a4d,5
ml-group:646198c653071a64fbfba08e,11
ml-group:647db47ca59c72df8701addb,3
ml-group:6497fe89803d576bc7a193f5,5
ml-group:64a3fd096842c6bdbcd5c832,8
ml-group:64dee0e00b9210f6f2cd0bc8,47
ml-group:6513664543c8c96d5ead9504,3
ml-group:65223b60b41d94acea3a77f4,2
ml-group:65262547ceb0d4f2bad0d0e4,1
ml-group:656c2a0cea08970992c1bb25,1
ml-group:6571e95b837451a870421537,2
ml-group:659119dd9e6c30138d2131cc,1
ml-group:65a87e71c5f1be5b85fec057,1
ml-group:65bd66ad8853b8b3cb6035a7,9
ml-group:65c09b3ab829e1bf9e18398c,5
ml-group:65c5135871909866a3b20b79,2
ml-group:65d25b0a72019c1de4f471fe,1
ml-group:65d2fa6850fddac5125fdad4,14
ml-group:662291c9e634fa008e240d3e,11
ml-group:662b283c3b0a0ebfcb1f8ff2,4
ml-group:665f389048b6d159b791afdc,1
ml-group:666696151625ebc4f1c56011,10
ml-group:66697bad5dd5a85c835f4352,2
ml-group:66763d8e06b3b5258df64b0f,1
ml-group:668fdbb9cd60ec2b281100fd,5
ml-group:6692d29a252f9d827482c78b,1
ml-group:66972f30afb511eb23d161f5,2
ml-group:66ae1a9ddcee6d58c670dc15,1
ml-group:66b7bebfca232c664d7fef26,7
ml-group:66c8dfc1940f88de8c21c631,1
ml-group:66d7e04de9a525c85e93657e,10
ml-group:66daa371d4262a06c648d93c,1
ml-group:670722eb95b83e3658f9b899,1
ml-group:673f6a4c27cef658e69a4c1e,7
ml-group:6749c1f70662b4bc3c5d047f,2
ml-group:6754c21ac408a8d898ea221e,1
ml-group:676ca2fd1acb7342f3b95a26,19
ml-group:67b392d5f942ca8644370435,1
ml-group:680491706fca7893f5178d4e,3
ml-group:6822925a26e6f57cb6ed725e,3
ml-group:682744c528ce8b6b7051a8bd,15
ml-group:68e21237741171ad1f331263,4
ml-group:68ec1b481d164ae408ed4e43,8
ml-group:68f51167a6a286941f121831,3
ml-group:68f5eecc17ef13a8f3f08ac3,2
ml-group:6900c4d94d5a00f4bcbdcf19,7
ml-group:6916777d02f432f40865205b,3
ml-group:69226c63dd044c2208dab970,69
ml-group:694fb4e9a1db2ef7d56bff74,4
ml-group:695e60bd0494c3fed012ef8d,1
ml-group:699e2e754b70e34bcecf9b19,1
ml-group:6a15c7a7937fd985d8aa819a,20
ml-group:6a1d58af80a4843ad4891e47,11
ml-group:6a2bf7f2c81cfba0ff237ef5,23
ml-group:6a307107c912384fe225afc1,1
ml-group:6a8b2b9b5d17306f0c2f2c23,2
ml-group:6aadc636b0c350cf439370be,8
ml-group:6ab6edb40548b28fffc9b66e,18
ml-group:6ac2f2cedfda8ad2a28713c7,1
ml-group:6ac69ef272ef04c481dc5496,1
ml-group:6ada14ec9be9b1e25d15c232,9
ml-group:6af70b51c204b08093adc66f,3
ml-group:6b193529cc6e264289db0fa0,6
ml-group:6b6a4cfb648cfe3902d14584,8
ml-group:6b9596f5dcb190a4c95c4c9e,34
ml-group:6bb0e2d01f20636321eb2ef9,1
ml-group:6bc3a794b7d717d23ee1e44c,1
ml-group:6bf6c1f860192c9fe3583f2e,5
ml-group:6c0773e3f768b7cba383a203,3
ml-group:6c31c4ee226e76beb575e9b7,5
ml-group:6c73016c07770b5f283ac7ca,11
ml-group:6c777967c25e087ccbef81f7,12
ml-group:6c7f6094b47dc8ddd2994035,11
ml-group:6ce02a8876318b7a62ff6194,1
ml-group:6cec940abd70227a2215cda8,5
ml-group:6cf2b12672739c3b9a13eee3,14
ml-group:6d15ff8016bd9ebc2b7c4422,15
ml-group:6d3fcd3ff213c0390de29535,2
ml-group:6d51f72412e9d9fd809cb729,4
ml-group:6d6453ff7fedb2a17acdc52d,3
ml-group:6d6504076f1573f3b4bd74ce,6
ml-group:6d7936da0b74443cbef0a996,11
ml-group:6dafa3a030eeca433ca0b553,1
ml-group:6dafc1087e069bf0b6cf5ca2,1
ml-group:6db20f553f984c76489ced94,1
ml-group:6dbefc91470283ce65c728e0,1
ml-group:6dc9bcc731ce8799a4d859b6,4
ml-group:6dcdeff61c55c5afec2ccbdc,1
ml-group:6e516cffe2124078fc4989af,14
ml-group:6e805b91216319ddc749a35e,22
ml-group:6e8940278f4d36ee442530fd,29
ml-group:6e8ec9783c0422640ba07404,11
ml-group:6e947a0c00e6a1849c0bd84b,2
ml-group:6eaca6394dccc231eefaf02e,25
ml-group:6eaddff5fa98372d8bb83a10,3
ml-group:6ecb2a2588a56a554c181767,2
ml-group:6ed72977af2155435e57d29d,1
ml-group:6f08310569ed1605f70b4a71,3
ml-group:6f2601a24050f335d5889a70,3
ml-group:6f2cca4ce3400f9a14ee8227,15
ml-group:6f3cbdea75c6b798921e681b,24
ml-group:6f40342d991bc09a152302db,5
ml-group:6f4926ef009e598f653efeb7,1
ml-group:6f529451de125616d23786f9,2
ml-group:6f637adf786cd36fad216663,4
ml-group:6f6f485021f3e5382e0e23f1,42
ml-group:6faee4f41c3de285e7fccf4a,2
ml-group:6fb8a4517441d5cb02f30583,28
ml-group:6fbc5c6ba7b6a0e8188fcdcd,2
ml-group:70103b1046128a1bb3072cb7,1
ml-group:702cd1141c65eefad58f5260,1
ml-group:70346c9f8e5fe9f96d186c32,1
ml-group:70625556bbb067fbae08603d,6
ml-group:70a3ac10389d5928231114ed,2
ml-group:70b84917717b84328708791a,4
ml-group:70c55fc87ada02ded0845d12,3
ml-group:70ee08bae46c40642c3325c9,1
ml-group:70f09bff7ee5544cecf5a740,1
ml-group:7103cc2b18148f1a6ea137e2,133
ml-group:71110b32772f54754c75f422,1
ml-group:7122c611681aba6c1fc2f57d,5
ml-group:71329c4dc699204d0a8f3a88,1
ml-group:7164038de717bf7a2cb039fa,5
ml-group:71881acd98b70d4db5167661,23
ml-group:71bb1560dc26939647ece8e6,1
ml-group:71f8371670799c2fce6ff0a6,1
ml-group:7260a737cb766aef75d1b9de,158
ml-group:726e47d08816ccbbed1a0774,2
ml-group:72a8816e12554a8e56e85f28,11
ml-group:7309bf08b292a5627d2e834d,20
ml-group:730b6cf0a19d123c0323a072,5
ml-group:731b323b53c670eb969c0e78,3
ml-group:732dbea7fc097df7c38e62ef,3
ml-group:73640c6f4899083b8e29b90b,5
ml-group:739c3fc3afff90951334e135,1
ml-group:73c4705c1620c2ec79cabd81,2
ml-group:73f859e5f2668e59877f39f8,2
ml-group:73ffcaf41b1b186664922503,2
ml-group:7433dd517773bbc8bb55d56f,2
ml-group:74374a51534e15534955796b,18
ml-group:747a5ff2c7d3289d646541c4,1
ml-group:748c6989d5d79b3fdca81ee5,1
ml-group:7510eae7307ad7cb3d07c5b5,29
ml-group:75116a95ee4af9d7d5b6968c,1
ml-group:7514d98986c1bf74e4098d18,2
ml-group:752d14a11c1522f406f81420,1
ml-group:752ef29ec3c04a3d6f432e8d,2
ml-group:75ec3841835c78c5351ba042,1
ml-group:760840f26b8c356ae4e76fef,1
ml-group:765fd06bccb2765726f36823,2
ml-group:76601cf7fc19724304d577b7,6
ml-group:766d3f81b166b1260320b72b,1
ml-group:7687e80f402de23c759b9768,1
ml-group:768e15f149538aba6c911da8,21
ml-group:7705bc304fb192b7d27d3a06,1
ml-group:772994c0d62aedf4e51ffeff,1
ml-group:77466cc9119af37ebab4d206,60
ml-group:774e8feacb9b8ad73a084d91,12
ml-group:77503d0663d970d07dfeb60e,1
ml-group:776732aee56aacb6f1a2b803,5
ml-group:777c8fda56d4663de48140d2,2
ml-group:778e9e9943dd5c503f15f681,3
ml-group:77c51e86331b87e55ed5d6f6,1
ml-group:77d6f935c6224907dba27936,65
ml-group:78032844a52d201285424e51,6
ml-group:784e9e27b84bf99867007220,1
ml-group:78896cbb981772ce408ae3e4,3
ml-group:7893ed13ff8a6d269bf45a78,5
ml-group:789aa861c92be1a325069644,1
ml-group:78b17c0e21e2176bbcc9a7c3,63
ml-group:78e514bf1e85df5d22eafd8d,1
ml-group:78ece698c09d5f4a92d2bd7a,1
ml-group:78f5fdc3d5a7203636fe66f3,1
ml-group:790f1e325a53bfdc247cc8a5,1
ml-group:791d00c61137c2761950d8b9,1
ml-group:792bd660b43813049dcd9126,2
ml-group:7991f63ef669b83b73768b98,2
ml-group:79a0e8c61f1e1f2cafb07270,4
ml-group:79a30f2b8f6abe615e1ae800,2
ml-group:79bbb666d1b4596d71b6c33c,3
ml-group:79ed2e722169f1daa400962c,1
ml-group:7a43306f571281bb36a59574,1
ml-group:7a5adac301dc9e3f20e17995,5
ml-group:7a7534bfb8f3cb63be3f1d2d,1
ml-group:7a766883126c81190825bee2,1
ml-group:7aa2a1f27ed8774f33da3a78,2
ml-group:7aa76b966775224f9f04fa9c,3
ml-group:7aaded19f2b3fba2e613ce58,6
ml-group:7afe07892fe2e7a901c1e551,12
ml-group:7aff81681920a522c5606134,1
ml-group:7b03560adb153cca6180aef7,2
ml-group:7b0ff9e88bd73959a3818fb9,1
ml-group:7b39c1afa8c39565b4f596e4,50
ml-group:7b49c86c427c3e405b9c4ff0,10
ml-group:7b601d20fa0d701303b038b9,2
ml-group:7b6c0128b4a02b92413c802b,119
ml-group:7b735d4e00a497dfa6f66aa9,1
ml-group:7b86671b64970b8c4cdb9669,7
ml-group:7b8d4611af109387dbff72a7,3
ml-group:7b8f1664b7067647b347d67b,2
ml-group:7b95f3b1cef0a30a4ea2f22b,2
ml-group:7b9781478d7e2e643ffe6cd4,2
ml-group:7c17c4fe16432c96fcd0e575,7
ml-group:7c33c18f7b89013e13e9e74f,3
ml-group:7c4ec8820feda94def67dbab,8
ml-group:7c50019017c7e8e6d0f27c24,1
ml-group:7c5fef18c04879a25a91ec06,1
ml-group:7c79620213535c1d61e3903b,1
ml-group:7c7f04fc6a75c86f6558e8fd,22
ml-group:7cb0a912e08a9fb103a0b692,1
ml-group:7cdc6716bee5a95e0ad491c8,4
ml-group:7ce07b7a6f07504e9e1b230f,3
ml-group:7d4348ea96693efcab7ef795,8
ml-group:7d69eece3ca2a3609165bdd5,1
ml-group:7d7eafbf7a699135c3726346,7
ml-group:7dac63f2757a0426d7a892b8,13
ml-group:7dcde2ebe9fec1fe34e68f2f,5
ml-group:7dd00054f21e1fe02e9567a9,1
ml-group:7df5576376e48a164508df91,1
ml-group:7e0115271b3dabd19e2085f9,4
ml-group:7e1098e83fdf947985903170,4
ml-group:7e28afaa7584fc03df5ff520,1
ml-group:7e74a9a9374f9a14298576b2,1
ml-group:7e75b8631c1e9b30b0ca7a77,2
ml-group:7e8ad62411ca2b6e45f9c814,3
ml-group:7eb3241f40ae4e8e745ce18f,98
ml-group:7ecfc6b537c8f22e63907c70,1
ml-group:7ede7dd40b296fb49df61d73,24
ml-group:7ef78b2ae41776e778f4c05f,4
ml-group:7f2907646954fa7f6a763237,1
ml-group:7f695840ae0f5c7d1c34c789,9
ml-group:7f7ee18e96b06a2f9307668c,1
ml-group:7f88946f4156c6ae05356c7a,1
ml-group:7f919f727de5d84fe8e15635,1
ml-group:7fb415c7072f5ad5a59993da,1
ml-group:7fdece9dc346862c4e2ff05f,2
ml-group:7ffad397bf816f59657dcef5,1
ml-group:8008109db335dc2ccbf39c9f,6
ml-group:8011fc71cce5f9e8b7ef9e93,2
ml-group:8013d90dd210fec60843a242,5
ml-group:8099c35aea1b405525a9f558,2
ml-group:80ba984f7a639f0c23440f69,4
ml-group:80bac3fb0b5455bc65096d1d,6
ml-group:8121c387c49672fe2a5759b3,3
ml-group:8127e069c3ef52a0e6064d26,1
ml-group:8139c915f81c3a4aaf31084a,134
ml-group:8149621b52f6051e747b15d3,2
ml-group:815414f8956016a35cf5360d,63
ml-group:81790ff56ab8ff629094d7b4,9
ml-group:81ca3408da07bd60dc12254a,3
ml-group:81d96328b03b2e21dabf88f3,1
ml-group:81e6555d10d428dae1e1d1e3,2
ml-group:81e793f6e5f930e9cbc03e9f,2
ml-group:81fe7f7eb5351e2caa247bdc,1
ml-group:82312c2eb139ff9a6f26926c,1
ml-group:8267c296eeb9da4c2edfe121,8
ml-group:826b6ca526b4480680d7c48e,16
ml-group:82dbcd7316ced39e40936aec,1
ml-group:82dc46e5bdb7ab408e880bc6,7
ml-group:82eaaffccc9297ddd1b24e02,3
ml-group:82f1545f6b7f076ebe21adf8,3
ml-group:8362818bb7f2dadff1484af7,1
ml-group:83f79ddc6416652e1d37604d,5
ml-group:841dcf84cc3770d7dcc21a10,4
ml-group:842953fc0e78c449a8395651,1
ml-group:844e34ba2c26e2c30e441a00,7
ml-group:846fda45d1cf460ddb3fe84e,8
ml-group:847acb69908e0e9b5d3bb8ec,13
ml-group:849195ac99ca72969e900eb3,1
ml-group:84a96bf2cd377db7106e1e56,1
ml-group:84ab1f5302543c72ff6b2156,3
ml-group:84f3ac01f6bc29c188efeaf1,2
ml-group:84f9c91614a8b3f3ca1fc6db,15
ml-group:85260a2e65d8fd032178c2f3,2
ml-group:853cda8fde80878cc3ed2fbf,4
ml-group:853ce0e86baf4038c4744acc,3
ml-group:8540669ff67b0ee6c12c4233,6
ml-group:855bdd57453ee349f9f6360d,6
ml-group:855ef112a09a37d786689d6d,1
ml-group:85753097c0408ad4e6d0751b,2
ml-group:857e13418f0b633b5cb213aa,1
ml-group:858cfc57a488bd883996a77a,1
ml-group:859d0ba43455c7b61f4a18a1,2
ml-group:85e446d915d23b2c1cc3f481,3
ml-group:85f95dce32b6323591642d2f,9
ml-group:8620f4a02abbb0b62360bfb0,1
ml-group:862c084e15a8aac636464754,11
ml-group:863dc3f5d679df98ed261fc4,2
ml-group:866cb72225dfbe296266d0f3,3
ml-group:86962f4c8cbe3f36d9560314,43
ml-group:869ce4fff8bd88fc685025a1,11
ml-group:87029b808cc9ac694e6f17a7,1
ml-group:871103bfb646a5bf2bb0d75a,1
ml-group:871d08317caa411bb196ca3e,4
ml-group:8720ee4a80bd99bca619de9f,1
ml-group:873112e730bf02df5cf112af,4
ml-group:874aca87f55f45efad24b34f,1
ml-group:8751a2009945f8c71f3a3a1d,3
ml-group:876a5101983e2550f96e79e0,2
ml-group:87a51e9f85d7fd1a4742f475,1
ml-group:87c06dd28eccb37a332432d9,7
ml-group:881b03fb71e483e2433b9530,2
ml-group:883e98cdf4e6a60c940e9d28,1
ml-group:885f8f0d3fb99a7d91901b7f,4
ml-group:887163f34d3f48e6ab196de0,77
ml-group:8884957217e847f8346018c6,2
ml-group:8886d656fdba27c8b05c3a42,1
ml-group:88de29718026ceccdad445b8,22
ml-group:88f47ebc15406c4305bb810a,3
ml-group:891b2bce3f0e7596ad985da9,5
ml-group:896fbe5e79e36531a59c1d48,18
ml-group:8986d951509a3b4ef724cc8a,1
ml-group:8987192c4835888c7d3140c4,12
ml-group:8a0524861378f143342ea9de,1
ml-group:8a07769a52e18286fb2fa97e,26
ml-group:8a07f083eb5b64267f3ada8f,2
ml-group:8a55009dca0ee5837c3cb55b,4
ml-group:8aaf80e54c81eda3b223bece,1
ml-group:8ab259043fb00b1502854224,33
ml-group:8ac8018d9af4b35952721f79,3
ml-group:8accbcf0f827a8863ec59266,1
ml-group:8ae365a957b407f408b4bdae,6
ml-group:8ae8571dca840d778a1179d2,1
ml-group:8ae9a1ee39b789b4db61ed8c,3
ml-group:8afa287f14000d71b5942369,2
ml-group:8b2c92aa680c7a5f24864d0a,16
ml-group:8bb26730e0b41532358bc65b,21
ml-group:8bef035972c169bc479d3f7f,1
ml-group:8c13904c6d7c2b8f9f59a099,2
ml-group:8c232beeb080abf50bbccbeb,23
ml-group:8c4f11e4e3e9213baed2017f,4
ml-group:8c5bfa3eb206c26dba6e7a42,15
ml-group:8ca1a863cae8bd013d684898,16
ml-group:8cab03e76da72037e1f539ee,1
ml-group:8ce7eac9d370bc868b25b78c,1
ml-group:8cec906e7bd28fcf13092466,1
ml-group:8cf08fbab2e3ea9f7cb81b0f,3
ml-group:8d1ece53ad7e9860dc5e8309,1
ml-group:8d323dc8d6afca7c3dcb3204,2
ml-group:8d47044e0fa9a7bf182447f0,2
ml-group:8d577206a7f3ef3c53893864,4
ml-group:8d804bd59956824e9945a4d9,1
ml-group:8dc8d6b76f48f79e1c288474,10
ml-group:8dc96a0f6cea22e93007ce90,1
ml-group:8dc982e43a09bee6e50cf75c,1
ml-group:8de48639ef4107a972c1866e,2
ml-group:8df01e6fb6be9ed901ff2696,1
ml-group:8df7e34714d33cadd735be3a,1
ml-group:8e0978d56367d00e3b964294,80
ml-group:8e1e832a2c97904032d99e0c,4
ml-group:8e58b5a04cd4d69d27ec5227,10
ml-group:8e702ee5875b1068c53e2fad,4
ml-group:8e864667d8bc15f87f9af0ea,2
ml-group:8e86c95eb1148d00c8ce78c8,1
ml-group:8e8d7847f521bd91615c5d2a,5
ml-group:8ec943ef76ad0fee9c2e0bad,8
ml-group:8edeb99c6f41c42265c704f6,2
ml-group:8ee239a0f979e142e301ccb5,1
ml-group:8f0432ddf3adcf67e2d5d033,28
ml-group:8f0caa68aab4e9f58fef5a9b,1
ml-group:8f187d7130ce279a31002975,1
ml-group:8f4e7e1baf34c463fe4330c3,7
ml-group:8f9136c9b0e75ae68bd46ddd,2
ml-group:8fb88238b71fdd85b158c7f3,3
ml-group:8fba42ee9089eefb322f26e1,8
ml-group:8fd93c14922b02c1a785a220,1
ml-group:8fe0c2a5f075f2ba92653ec0,35
ml-group:8ff47cce526c902438044717,1
ml-group:8ffd8f39f5814e47a01eee0f,1
ml-group:9011d8b9b51fc5eb736a5fa0,2
ml-group:901f02257553e76b15e95963,1
ml-group:902ec840165d3d74794d7cdd,4
ml-group:905ebeff31f3afacbdd52027,15
ml-group:9075a290238b760a5dec5414,3
ml-group:90df6311a8d57ec730e90167,4
ml-group:90f75219a033dbfced611b8c,18
ml-group:9115664105ae404766ade1c3,25
ml-group:913868fa1bb554666e827e06,2
ml-group:9139b3cb69d36c7007bdb2cd,5
ml-group:915ac72f26f26dc9f612353a,1
ml-group:917b02bf75bc79b7d5c3e695,2
ml-group:91873c95b69f873a6fc8563a,4
ml-group:9187eaf798a585ddd381a9a3,7
ml-group:9189f0bfffa36e0cdb3793f8,3
ml-group:91bd0b3bd2e264cca9bc1e62,11
ml-group:91e7629f15514ea2fe6e8317,27
ml-group:923b504c359cd476b3bc9757,2
ml-group:9269f19ec96a6d66cec2c76d,1
ml-group:927015a3e92c0541ad81b804,2
ml-group:92772365f3c1da137dd9ef00,3
ml-group:92d09b80dc331ac959c329bd,1
ml-group:92ec4995bf3a1e6452e3adda,1
ml-group:92ec61ad2f17136fd184ced7,1
ml-group:92ef7a0af9a1d6819fa3e1e8,2
ml-group:9323c27e070d5e91e4d405ac,4
ml-group:933131e2984bb1ec4e29f7ea,1
ml-group:9334b9991fb4c5af6af31de6,2
ml-group:933bc79f42715525773e588a,1
ml-group:93588dd8d8b4d1d0aa662456,5
ml-group:9372b0bbfa4433172e862c6b,1
ml-group:937da3a0452edf4a9beabb2a,3
ml-group:9382713d78bd80898d005442,1
ml-group:93a0bf8ff4e0fae9ba6c6dfc,19
ml-group:940b82aff495d74b2804136c,4
ml-group:940f24be3b267323ba0e2d30,2
ml-group:9470d170feeb9fb28f524696,2
ml-group:947d678238ef8cd645c108d6,4
ml-group:94fbd5e5cd0b89f850949d79,7
ml-group:95221fef24a4f53fb4541819,3
ml-group:9576661d00f6a3556282e051,10
ml-group:95e3707fe54c7867cbefc0ce,2
ml-group:95e9335898ef29101a81dbce,13
ml-group:95f503cb4627b6fa74f0a104,1
ml-group:96060945faf3b564012d9f78,7
ml-group:961a135af7631c81dd07dff5,1
ml-group:96da8772918dd07e332dd2e6,1
ml-group:96e654504a3bee481218ceb7,29
ml-group:970bf2db140b2658616d58b5,1
ml-group:971bcbe3b9b5ae9ea81a013d,12
ml-group:97294c9b3e1b96d1f49bad29,6
ml-group:972e54a11516f6daaafba315,1
ml-group:973e7fcc040eab0b90b11938,3
ml-group:975245d695b5e339d383010d,180
ml-group:975e936a609136ab73e11772,1
ml-group:9773faaa93214a0e304ed0cb,1
ml-group:9791b6d838068a69fe1c1d90,1
ml-group:97942d970c9e7986792eea23,2
ml-group:979d747dcb652952a7a93ddc,5
ml-group:97bb43e0bbd2b82502188349,1
ml-group:97c4f830a40185363f4151dd,1
ml-group:97d1dd822664f6912c30e2c6,13
ml-group:97d31ba2d77078ac493ccc17,1
ml-group:97d5da3250b34246a59aaf73,2
ml-group:98034fe5d3f4b3f7f504a9a8,4
ml-group:980d93ff4c57456e1337759b,6
ml-group:9813e923f464a0ae1e3ba574,5
ml-group:98144cecea0aa50842599440,1
ml-group:9822bad294dd8248b1cc1f5d,8
ml-group:98248b2fe84ee7328f0ebfde,2
ml-group:984477d4e842503bf22d9599,2
ml-group:986c1c249181b899acab237b,1
ml-group:9872d909aa8a70d99c6d06a5,6
ml-group:988616ac9871aa0812a00dcc,1
ml-group:9888ff275546a198bbb16a61,3
ml-group:98aa6dd4b20bacc32c5c9864,24
ml-group:98aac75ae71768df76330696,3
ml-group:98d888ec2dd0d25961cfb365,1
ml-group:991762d24a5986a5c00eddf4,1
ml-group:991e745964c5526df0e3a413,1
ml-group:993b736f2eeb7c6c390d664a,3
ml-group:994155e3cfdd3f9a61bdc701,1
ml-group:994411dabb46b33d4903a73b,3
ml-group:998a1c0aecd04c60458c25dc,3
ml-group:99abec24ae2ea455572064bd,4
ml-group:99c471720f1b8915f1b57a70,1
ml-group:99cac76ec0a8f03f1e9cfbf6,3
ml-group:9a0c69230b71a13c0434bdda,1
ml-group:9a3207a6f35c4438ee163b67,3
ml-group:9a4af13b9bfc11cfaa627538,1
ml-group:9a590634b2ff425a96ea2573,1
ml-group:9a6299c44cd6d80548be23a6,11
ml-group:9a75ff40bc34c7912174a3d9,3
ml-group:9aafecc7bde8ed15f3c1e87b,7
ml-group:9ac4371c7285c5079fd48fff,62
ml-group:9acaf811767d7fb981e5b374,60
ml-group:9ad1cf7c0ecb1a80573bc047,8
ml-group:9ad274f4c68094abf5c38f23,13
ml-group:9aeb3e935647bd6066eb91a3,1
ml-group:9b0166f153fd02810ff61465,1
ml-group:9b45f090a028cd9fc56c5e26,8
ml-group:9b56fe6e00f39a17983c3edc,3
ml-group:9be1a036b75f87dd8e9e7682,14
ml-group:9c3d78f7c26e11f3a2e61558,3
ml-group:9c5bb17662f8cf08ff7c0ca9,3
ml-group:9c7ce237ea501ccf26f9da4a,11
ml-group:9c964b1983f4180b8676b092,7
ml-group:9cd046a386420f17ce6d3f48,1
ml-group:9cd78f3380a794b17a8ba7b2,6
ml-group:9cdd6ceedd69e2497e99eec5,5
ml-group:9cf451680cdf375e4719dbbb,2
ml-group:9d2c4db7471c22b39c1bbb16,27
ml-group:9d33cbecaba95578a8e4eb0d,3
ml-group:9d386eae47943a7866884072,17
ml-group:9d89e7e4fb18c33dd456d6c2,7
ml-group:9d9c62b903cae8b300300002,1
ml-group:9dd33a370b1f72e109f0868b,1
ml-group:9e0d9d2434a1c8a2e32ff161,5
ml-group:9e25cab4b514e6e06a2f01ee,9
ml-group:9e323ea8f1899d100774e5b8,5
ml-group:9e33b4bd911f7c9488296f1e,1
ml-group:9e486750e3a67afe3b576e7d,4
ml-group:9e649e1faad4cabb968ff568,3
ml-group:9eb4c74e01b10f6d07709274,10
ml-group:9ec1c7b67f0fd10845309290,2
ml-group:9ec7c33b9a66b6083d900d3d,1
ml-group:9ecd2c7be248ebdee99f5f9c,1
ml-group:9ef044d47ed1f83c504a48b9,3
ml-group:9f2c70e0dede65b2bfa4854e,3
ml-group:9f316c021b9e115ed671b14a,5
ml-group:9f3afe68f3abfce9b3b4edac,1
ml-group:9f88506ca0ceee8df0f1d73b,1
ml-group:9f8cd1883740a8c8c860b2d7,1
ml-group:9fc8d9635f5c788e165b5502,1
ml-group:9fd5549cc2f8bd4b1fec10fb,45
ml-group:a000de3a578d37d4b4fc4e7c,19
ml-group:a009d5c3a63d9ab3ba888f3f,1
ml-group:a00f68ea7c5121b68973e89b,1
ml-group:a01ec9111ffe35d30facc63c,10
ml-group:a05aa07f308c44f4619af6ba,11
ml-group:a060ecb334ac3b0240d60705,1
ml-group:a092400f3d7968e4d140befa,15
ml-group:a0e60f998a67dacfa7469f94,132
ml-group:a134eebb78cbfb9b7c29e071,7
ml-group:a1396b911ae9967ce2db4a55,15
ml-group:a13b6f683c42506e49dd0739,11
ml-group:a142f7be5f9fa8bfcf9862d4,9
ml-group:a15c9c99ae497903eae0f3db,1
ml-group:a15d92e920a38490b500d047,2
ml-group:a1668e776c37cce90457f768,3
ml-group:a19ab951fdf5668dba8bf3f0,3
ml-group:a1b6072279a0ec4bfa07003c,34
ml-group:a1c42fd681468fcbc5cc6773,1
ml-group:a1c5307ef5f00bee6b0bcd23,3
ml-group:a1d395cbe9c41c54adacc6b7,1
ml-group:a1e779e04a3f47e92a866eb6,5
ml-group:a21deedf49c5968af981a7eb,6
ml-group:a2432ff0547ac6ab0b752e28,141
ml-group:a2465f3e2bb681317b7dc408,13
ml-group:a292ed934569d2970e26006d,1
ml-group:a2acad50c5f3f1fa04c54f9c,21
ml-group:a2ca2976767985758bdc857a,20
ml-group:a2ca5f922ee26ef21a263146,1
ml-group:a33a692f424cbd6bacafd8e1,2
ml-group:a36beb1b417ca6db4f4c8d43,9
ml-group:a3a20c4aae96aa07dc517070,40
ml-group:a3a917dd590c26ecc67d1776,9
ml-group:a3b1b3e6510b60c2c200d84f,4
ml-group:a3bc95076564c28c5ef12911,2
ml-group:a3cc89bd8a8baf294979064a,2
ml-group:a438d3335a6f2fbf3ba9ac7f,3
ml-group:a455efb61d4dafef701d2b35,1
ml-group:a471124d2c28eaec85304b78,1
ml-group:a47121a9fd8b8aff1d64ee42,2
ml-group:a4b046a3e6469d2630359ae5,1
ml-group:a4b52efcb4733f150f426947,2
ml-group:a4cbbccefa657a4388b8d5dd,1
ml-group:a508cf2c8bf58dca726f5cc7,2
ml-group:a51e70d0cfb0ef6ca57b237b,1
ml-group:a547f88f67b6841dc95e8448,16
ml-group:a552c74018f052007d287137,2
ml-group:a5e484571c1bbf276eb8a9f3,2
ml-group:a64963ce71b6607919815e0e,2
ml-group:a64f524353972bf528ffec57,1
ml-group:a65be9d11ad8cf054904ab73,1
ml-group:a67bffe27c2e72f24713460a,15
ml-group:a69561156517df33706eff78,95
ml-group:a6bf0207bca00817849fccba,22
ml-group:a6c0aaecf079c42f851aa9c1,2
ml-group:a6fef2fe76cda1778ad3054d,33
ml-group:a75ca88d3693b8316e4c9f45,29
ml-group:a771a8664773cbdc2cfd148a,3
ml-group:a7b3fd945915a72ed0d9e29e,15
ml-group:a7badefea3a7f57544a223c9,8
ml-group:a7d21434a9ce3a806517f707,1
ml-group:a7da2eacfdbfc2c4679111b1,43
ml-group:a81a6d95e48199fa98d15961,1
ml-group:a85d8403328a2d37ab735553,1
ml-group:a872feb0866c07e5739cc21c,13
ml-group:a87bea9252bf8558dac964bb,14
ml-group:a87ed7b62342f4f583f04614,15
ml-group:a88f1021260ca689d8181cac,7
ml-group:a89ae18edf2c9d234ad8c159,1
ml-group:a8bb7a0b46581dc99f03e511,4
ml-group:a8d0f1af9a37fecfa207fff2,41
ml-group:a8d69831688c149d960f0ba3,1
ml-group:a8d8ef5b1ff65c2359952e50,3
ml-group:a91fcbf622fdeb9ddf68f6e7,13
ml-group:a92052fbb3ff3cacb5c5886f,3
ml-group:a9498a185eecb88ced32b1bb,2
ml-group:a94b3bdea4903685350c7cfa,2
ml-group:a9505cc577da415e87b1fa0b,2
ml-group:a974a3f3b4b7ed7a91f2aea4,10
ml-group:a974e040e025f6e44b7b043a,4
ml-group:a9ae5763397bc105e46dd02e,4
ml-group:a9bd7bb1b202f368b8c2d811,2
ml-group:a9c7635507e60b9f6b3eea8b,3
ml-group:a9e769915d807cde71d10d6b,126
ml-group:a9edbab9be9e59ebcb65d7c7,31
ml-group:aa24183631139f5e5687d5d9,2
ml-group:aa5558cf0c340bd169626e67,3
ml-group:aa6b5954e08c0f53be9af916,1
ml-group:aa717804fc5c79a227da9c0b,6
ml-group:aa7e19ca631ed7d89575b766,3
ml-group:aa8082187eefeb82a612285b,1
ml-group:aa845ccb2a1223ad63fb8646,8
ml-group:aa8de08ee8e49a2028f38a2c,5
ml-group:aab251f457c5e7331a2335df,1
ml-group:aab5e310956d6e09c0d69993,2
ml-group:aacd7884bbd97c147de6f6bf,1
ml-group:ab0cf28f6a3a93154245ef2e,1
ml-group:ab1e8cad81bbdd569064ad80,1
ml-group:ab22ba39d1cd8ca1bdd1d422,2
ml-group:ab3cff1c8032c5b5a0a93aaf,18
ml-group:ab937509eb89b6dd28b4792e,3
ml-group:abcb380f943b1b83fa173b1e,1
ml-group:abd0f50c68908bece7d43541,1
ml-group:abd589db2046ea1a864624f3,1
ml-group:ac064b006b52ad5411eaf74a,1
ml-group:ac8ab2bbda58cc45ab5af2f4,9
ml-group:ac9e870150614b27f9874bb3,14
ml-group:acd26c058d1f70d3b715dc08,1
ml-group:acd4dc9b86d051ec81339320,3
ml-group:acdb627f03e57f2238b5d33f,5
ml-group:ad19c6d8d06f029003de48cb,2
ml-group:ad527f6906acc3fed669f49a,2
ml-group:adec2969b23a6bce11576ca5,2
ml-group:adf135349cd40a10f131780c,1
ml-group:adf33734b7d548366720fd4d,2
ml-group:adfccde1086a751b73ebab74,247
ml-group:ae0df640081bf91bb8cbf07e,2
ml-group:ae20ed9eedfea0cbd7b41b1a,7
ml-group:ae31f3219c616008070e6756,1
ml-group:ae35c68ae6f0416f40003fe7,2
ml-group:ae3ee64f6cfe3a89f071dc83,1
ml-group:ae61f23340a3ffdd3c9a94d9,1
ml-group:ae762ac3185e41fa88d2c065,2
ml-group:ae9118d38fb8e935137f232e,3
ml-group:ae9ee67b305240c868ea7456,1
ml-group:aee2a50be2e0195c5f81bbe2,1
ml-group:af09bbb68c6663f638f7ca2b,1
ml-group:af107ba9a3d1d81b20c52fc3,1
ml-group:af342e548320d658e4548a87,2
ml-group:af4589119f557c9fc2fb52f1,10
ml-group:af735ad5b7fdf1a8b60c253b,2
ml-group:af7c1c47b712d334a109dd31,2
ml-group:af7d7ec58b1639d80b2f1449,1
ml-group:af8fbd971af0830502ea95fa,1
ml-group:b0127220c1cdbaff2eb75f61,62
ml-group:b03b20b2e04266537b73843c,12
ml-group:b0682f86ef931179139b385d,1
ml-group:b0b9b185e20d0d5a61c1dbd0,4
ml-group:b0c86c40ccd9d4858845d4d8,1
ml-group:b10e6b57582de3d01ff0a845,9
ml-group:b12dc12532605267fc683bbd,7
ml-group:b1668736d06c7b2aac934655,15
ml-group:b17e1cef9812299d8878c1f7,2
ml-group:b18abe5b43c4795b42a16968,1
ml-group:b1a3d205bc960c3bc7adf7b8,8
ml-group:b1b7093b07b04a479137ddae,2
ml-group:b1c86b1ce17fa1c6f6243846,28
ml-group:b1f5a633fffbe5f5cd49f9f5,3
ml-group:b1fc6a31d3f4f3fb2cfbf3ae,17
ml-group:b201e0287df481296f283bd0,1
ml-group:b2066cbef81e22f1c1c8004b,1
ml-group:b21bb504cb0c67d936338a0f,15
ml-group:b220a3aa35ac7eb990d88db8,2
ml-group:b23461fbc1291b8dbea7a80c,5
ml-group:b235322d9122d61c70e6a5f7,9
ml-group:b24aef7198ce96449867a579,4
ml-group:b256f24a85862f1ece810c4b,44
ml-group:b26324a79e53e11de26a0ed6,5
ml-group:b263282f7147792285f09244,2
ml-group:b28b382352c4b0496307eaa2,6
ml-group:b292e5f6a6ac6fe9ed563ffd,165
ml-group:b2a6a68414e706e1969e7a54,23
ml-group:b2b1da1e23789998ef896624,8
ml-group:b2b21211ae27041df888e2df,2
ml-group:b2c9297509ac05474dc4d254,2
ml-group:b2cbe0338c09ac1b1b1cf738,13
ml-group:b2ea36fc4fb1106da3b1c657,2
ml-group:b3045a80541c6b4a7696bf3f,98
ml-group:b328c783c6b74b0f3bec0caa,4
ml-group:b3317d493a9b6a32766dae59,7
ml-group:b36b7ab5f8151ea40065f638,1
ml-group:b392c9c2031358faf5b0b76e,2
ml-group:b3cb63552bebffd822e624d1,2
ml-group:b3ec05af49ed1a545351e40d,1
ml-group:b42f433b69eb31afa0a34d41,1
ml-group:b441eede1292a93f4c3cb237,2
ml-group:b4426c6727983c33669bc3f3,7
ml-group:b46ba1f37bb55ce6534e9063,1
ml-group:b4f74652b0f86e5356239721,2
ml-group:b515d39b14cb08b679786ec1,4
ml-group:b5249984e04b6b36dbd52478,8
ml-group:b5363552e273c25cc36a388d,2
ml-group:b53f8d28442b60f6e001b3e4,20
ml-group:b545eee7bff39ea347570d69,7
ml-group:b54cd344c258347b8aec5cea,1
ml-group:b5521882563702e117ab3482,8
ml-group:b5a622eb349a1b95f4b44027,1
ml-group:b5d99bb964326c3639cc65cd,3
ml-group:b5dd84a986c6f6d6a35c183e,38
ml-group:b5eafe52820015989b26fb42,23
ml-group:b60f249b75840dd6b2c37b4a,2
ml-group:b624d3c5f88186004427d122,2
ml-group:b66ce6f24534bf7c3d0d9db7,2
ml-group:b68ab06ed843e874939fd427,11
ml-group:b68d4b3c2f1b47b300231a0b,3
ml-group:b68dddcb9c9a8b7ee970e858,1
ml-group:b69312614bf4e5480149b251,83
ml-group:b6acc937461e52f5956da332,3
ml-group:b6be438de8d55d77b7462e8b,5
ml-group:b6c7fea537a15c158cf7efe7,4
ml-group:b6f45906c553cc7c3b50a70d,1
ml-group:b7035ea533d51d384a0376a5,40
ml-group:b707c8b5dd3d9bdee8bf3cdd,1
ml-group:b71df532963e3b73e6aaecaf,1
ml-group:b74a989732574aeb95e13fdc,2
ml-group:b75fea971752a74e351f8b16,1
ml-group:b7693ddeb39233f907909be6,34
ml-group:b769622e7360104edc985593,2
ml-group:b77f3c0a5bbbd0f9563b3e61,1
ml-group:b79abd5373401f7969ef07d3,2
ml-group:b79be9b3868fb2d066ecc647,4
ml-group:b7ad032c519af1d63bfe6fe1,2
ml-group:b7adf4a9154714186a0e768d,2
ml-group:b7d09e25dec92acaa81a829a,17
ml-group:b7d1f5c47fd19f3b5d97d30f,4
ml-group:b7d4009c9d992e91b6e914b9,2
ml-group:b7e0a09adeaa8cc0dfe7f85d,43
ml-group:b7ef5e1af6127ddb2844bb4a,46
ml-group:b7fd64b6ff08faa02c8881a1,19
ml-group:b80f45f968fe3fadf46f12ef,1
ml-group:b82528fc48f8ee5719fb20fa,3
ml-group:b82f2a31e67710cd196990cd,1
ml-group:b83e49059a6c122515181090,1
ml-group:b841b63a540ba474cec9832a,11
ml-group:b876cb5202c2fa901a7f73e4,2
ml-group:b87864d22e95bd0c3a42ff45,3
ml-group:b883879c306dce58460e0921,1
ml-group:b8963995c42778e6e477f8bf,32
ml-group:b8ad7ebce38dcea8fea6fe9e,2
ml-group:b8b3306ae40ba53ad9d85a3e,15
ml-group:b8c4bbe51c6ffa8b2372e0a2,20
ml-group:b8d8b594dffd9790d7c415ba,2
ml-group:b8e431d9e239b27e0438510f,7
ml-group:b90171f0d02dbf9960451049,5
ml-group:b99345f73ea7b3ea3899f471,4
ml-group:b99f76fb67f7b164da9d95b1,8
ml-group:b9aedb45d1adb05e40a464ef,34
ml-group:b9d4ce05395836dedd8785a7,11
ml-group:b9e1c51c66aa026a5276c12a,47
ml-group:b9ec992ccbe74235a0cf1a14,1
ml-group:ba0374fdadfa153d83fc4c82,3
ml-group:ba11342a8d6eb2ee4b8d919a,11
ml-group:ba211d5a635dca7e86b5c751,1
ml-group:ba2b162af789c84acce71904,4
ml-group:ba4d3031c1ec48746bcecb22,1
ml-group:ba6aca7101743d50e0a4c1bf,5
ml-group:ba6e0c3fa33f748a2e282a57,6
ml-group:ba72066d9a83f4bf0d0f59dd,2
ml-group:baa270bbf7edae5adf316388,3
ml-group:bac0cc4a9a145fd977e8cd75,5
ml-group:bacaf5d03c8a4171b88d6636,2
ml-group:bb2a5d030889472f5a0a62cb,29
ml-group:bb8d3fe6430dd2ca1827af2a,81
ml-group:bb9b6754e72867adcf9c5282,3
ml-group:bb9e6689fd33c7a1efe231b6,8
ml-group:bbd3c97cc579674145143939,129
ml-group:bbf87e441c837f49c0de531e,1
ml-group:bc1a05c812cf7b3aa8544080,34
ml-group:bc1a568a42e354e66ed77833,2
ml-group:bc2be5e3e54ee1293e388b03,8
ml-group:bc3b66c2a92daa458e77fe23,1
ml-group:bc3fec9789d6b12345747728,1
ml-group:bc4471dce8d6d88d55461f89,38
ml-group:bc48c6e32cd807c033df5d86,1
ml-group:bc503e57080323ad9a82fdb9,22
ml-group:bc56a3f32aee71f22c162658,13
ml-group:bc7be9c95967a89a05841de8,4
ml-group:bcead146559b26a11fad1141,33
ml-group:bcf5e49fa2e5411161a8da10,1
ml-group:bd13b53c072f765e89672536,9
ml-group:bd30686a84e64d0330ef0a1b,2
ml-group:bd43395d00d810a763438407,2
ml-group:bd4a308521839139f0ca28f1,57
ml-group:bd55725c2f71eea99835e634,1
ml-group:bd57daca63dd09069c4373ce,1
ml-group:bd61f6e1f21365fca96ec59f,2
ml-group:bd72617eaeb924ac493512f9,4
ml-group:bd8cc0d7a79970722fc569bb,1
ml-group:bd95796fb97916f9fb6b155f,1
ml-group:bd9df99ab95f6aa43b6a980b,3
ml-group:bdc13d44ccb842a8723e09fa,1
ml-group:bdc4d063213d399dcc95b6a9,2
ml-group:bdddd90440747bf562549d79,2
ml-group:be1888747945d204333d9d99,8
ml-group:be3c1a9492ab876fad00b450,16
ml-group:be610156b8f8013e1156877b,1
ml-group:be92ec9d9e0e0b3488a63e2c,1
ml-group:beaa765bf4b6c424ac5d53ff,1
ml-group:beffcb819f3b8f2aa05f3f56,2
ml-group:bf42b0ccba54731cb4cc6d86,10
ml-group:bf473f2758fabcabd3d8d932,5
ml-group:bfc0c3978b5f2ffe98cfc003,1
ml-group:bfdad680b98dff6715da476c,1
ml-group:bff51bb09add1fd8c7bbcf5c,1
ml-group:c01a1ed97ab54cba3598f6db,1
ml-group:c02f30c9b24bcdb39cdb9b37,6
ml-group:c04b1ca832592f4389e43ec4,3
ml-group:c05854af3617dfceda6ee461,2
ml-group:c05ee0994b2c3a6add81d767,4
ml-group:c0a1ea3b70c60cfa5456f824,52
ml-group:c0ba47fedc812e50f32b1f1d,35
ml-group:c0dceb1ed0b0a17c5b6c1112,2
ml-group:c1390d33905f390c71f29213,81
ml-group:c143d07b075f41a6c8b18fa0,1
ml-group:c189ddffd9dc4d20636e8a4e,1
ml-group:c1d2b6ad44de8f19c257af95,3
ml-group:c1e1d535bbc51df0a6acf31d,4
ml-group:c1f1f785266513fad162c3c1,11
ml-group:c20c06cc7d9807d103c50036,5
ml-group:c23b4d3624536b9c3e9bcf5e,4
ml-group:c23bcae091ea99a55d2cd79c,44
ml-group:c25a7c15ea9c45e3bf6e97da,3
ml-group:c28edecb7b09d979635029e0,1
ml-group:c29a336e045203ef86138d02,7
ml-group:c2a0ed126390a039b3a456be,3
ml-group:c2aad6700f20301953efd9fe,1
ml-group:c2b836b50b5df46cfd6cd2dc,1
ml-group:c2beed355c4f6f628f012d74,2
ml-group:c2c62b36b4d1cf2c3d41ab1c,5
ml-group:c2d9c67d66f002aae91bc630,2
ml-group:c2ee181cbed82ddacc5e2c71,9
ml-group:c30c06b323f6aa6675d3427b,3
ml-group:c30ca1e53f20f2ccd518fad7,2
ml-group:c31a7e2e3c9a4eef0ab19c36,3
ml-group:c364486452b9a42c96e98570,2
ml-group:c37defbdd207a08ab414c61e,15
ml-group:c3973530cb4496f480b11c97,1
ml-group:c3ad3c1ff6e33772a2e21fb8,53
ml-group:c3c57552d09f02d9de28a4a2,1
ml-group:c3e8e06e73a7032ebc82a726,2
ml-group:c3ec6c12f8286e196d780e07,10
ml-group:c4539f390c66b061255b2a50,1
ml-group:c456cd71cb1684de48cdfa32,2
ml-group:c46fa74d751b3dc9e65fbcbd,3
ml-group:c4ab1ed14926be8f988e8e02,2
ml-group:c4b3198c946afa5872cf9ffd,30
ml-group:c4b85628cc7fc24e0ac1d44f,3
ml-group:c4b86f7fb82e85994cd743d8,8
ml-group:c4f27acfa457cdaca41cd384,7
ml-group:c4f6138123a678eedcd325fa,15
ml-group:c4fafb4130383df748188a39,14
ml-group:c53e26dc1a6cb7b6102a7156,2
ml-group:c563eb2489b4a1a3d09fe807,31
ml-group:c59109dd953ec2a6640f0a83,1
ml-group:c59740b72496183108e46fee,2
ml-group:c5bb6d690daac1da88201036,1
ml-group:c5bfdd94065d31d7bc5735d5,1
ml-group:c5d22b475f45973efaf20ba6,400
ml-group:c5de94cc1d2932de3608723e,3
ml-group:c5e4fce2c55f3e51e359fedb,32
ml-group:c5e8d7d3db4d03dd0817c2ad,39
ml-group:c5ef0f202a9584ec898f416b,1
ml-group:c6082296d2de5fbd228de322,1
ml-group:c63a0b3ac02a8e7ebda8a048,6
ml-group:c63c4d685bae8d06d2e55bcf,40
ml-group:c6729bb806105d94c0f76d15,3
ml-group:c6ae55b72f597d1eac0707b3,5
ml-group:c6b16c0c3cb93646856f4f70,3
ml-group:c6b444702d058159b9d6e972,41
ml-group:c6e0a570563f40c6f91ab3a4,4
ml-group:c70369f828a0f357a93b8144,8
ml-group:c70a5414693f7827d51347e4,1
ml-group:c7200e4ebf4c4a97961b4369,1
ml-group:c74d8a4cc9dd9acfd769716f,2
ml-group:c77a79f057112f0be9a5d1a9,20
ml-group:c7b972ceb00e38b2cc504328,22
ml-group:c7d545f96366f5afdd72ca9d,1
ml-group:c7e680beb1396f050de8e376,1
ml-group:c7e9d9d64811bc40ee6589e1,2
ml-group:c7fe6223874c3611c1b1da93,15
ml-group:c80570b5957b15e8ec8009fd,1
ml-group:c80a6f32c060df4e70ea6b9e,1
ml-group:c8417c0a7fe6943b36996b71,1
ml-group:c8610c35b4a789dd621a5284,1
ml-group:c8ab41cbe9fb0f9478b33e93,23
ml-group:c8b259ed92fd12649ac51325,1
ml-group:c93a186d021ef52286f564fc,2
ml-group:c95ee21a202e95e71d53a4f3,1
ml-group:c96c63885a22e77ebd79bf3f,15
ml-group:c98ccb81af32535db029d17e,2
ml-group:c98ffc04759ef9a6aa214dd8,3
ml-group:c99ad6685b7e601970eb78c5,1
ml-group:c9b6d3192707b0d17c72175d,3
ml-group:c9cc49667828d106bd8fa6cd,5
ml-group:ca0637de32761065edc8e84a,73
ml-group:ca0ac342020838b300eecaf8,28
ml-group:ca4515f19490f712d43232de,1
ml-group:ca6f05b1d4a399c9a7969f9e,2
ml-group:ca72af9ffb85077c5d2418d5,6
ml-group:cab19fcb1587704f0318a9fc,2
ml-group:cab5a17d92bc76a0d9f14e45,1
ml-group:cad131b7fd1f3942b08550e7,57
ml-group:cad53751283bf7f416f986cb,32
ml-group:cae03fa05e43da8f106b9261,1
ml-group:cb09e6938ce275cb919b7835,1
ml-group:cb27a466596cd667131da929,11
ml-group:cb3ac7910d15cc2381e238fe,2
ml-group:cb581287ffc469d03220cd15,4
ml-group:cb76adb716d8654dbf943216,1
ml-group:cb8dd48a31f9710366d80ddd,3
ml-group:cba6087bc2dbadbcbe4c90ec,1
ml-group:cba8a6d8c37325fb1cd66095,1
ml-group:cbb3ff627377c9e6a9f5786b,4
ml-group:cbe83dbc3415d60837e66929,2
ml-group:cc24fa4f69b05a0225b8b155,6
ml-group:cc318d01fe295cc184c031c9,12
ml-group:cc3c5beb1c90e115ec41eb3e,1
ml-group:cc522001bd4c642cade4382c,9
ml-group:cc7c9fcf7a62fa9b6f008e96,34
ml-group:ccc7e086b4eab74e7ded6bfc,46
ml-group:cd037b0283bec5f64cf35f30,3
ml-group:cd144b8ea7d4f310c66f628a,1
ml-group:cd18d19a326fd106dedda278,8
ml-group:cd2bc5fcf332014ef8748a30,1
ml-group:cd3dfc5bddee1118b101cb4c,2
ml-group:cd43c186f40c74944f5cdb12,8
ml-group:cd6b615f58f54be51553ee10,7
ml-group:cd93d1b3b77e764152603e3d,4
ml-group:cddaaea32972bf5ccb43ee74,10
ml-group:cddea6a39f6b9d98348f4fc6,1
ml-group:cdeb168b868916cc358bd346,2
ml-group:ce75a5a215fe32a85757a006,1
ml-group:ce9cbaa1f80923527d849f15,3
ml-group:cebf4d80fdb6bf93c3df6add,1
ml-group:cec62f9227b5c1f4266b8430,1
ml-group:cecf24cd8be5235039ad4563,3
ml-group:cede2eeddc3cc28eb8ac78c1,1
ml-group:cee10d57f477939b2b509d0b,2
ml-group:cf271f312226317df4090173,1
ml-group:cf315a7f7f458b69f29a156a,1
ml-group:cf4fb589eb6ca5a0a4b4cd0e,6
ml-group:cf60d78e7728e17a1fbd4565,8
ml-group:cf81a7b6620be9a2611b7cde,1
ml-group:cf9fdbece9648aab5176cf6e,22
ml-group:cfab6aa9ea6274a66fb22908,3
ml-group:cfd2b006144e613ce09d51c1,85
ml-group:cfe91566748fd3fdb239442e,3
ml-group:cfefe8aad0dc7be6157ea165,7
ml-group:cffaf1fffc9cd59e6812f07c,2
ml-group:d00a0028b949f2b7642d36b9,2
ml-group:d026fd57678a71fbe37e7437,2
ml-group:d04360371e4c51d8e28b2627,3
ml-group:d04e4c5f0f1d14bc6f817ce9,9
ml-group:d054a9cb662bd84417c5ee28,1
ml-group:d0803c8ca1f3ab58c2069b6c,1
ml-group:d08b8b3f007954497cdac120,21
ml-group:d08b995d4e562b37562e7a04,6
ml-group:d0e19b4103d961e9fb669173,2
ml-group:d0e7830b6ac27afe5a70acde,6
ml-group:d12408279c99900c24a8611b,1
ml-group:d1578881bbe6823d2a887448,2
ml-group:d1b4e8fa735bfb617ec0270f,9
ml-group:d1bc11a85ad591c0c2435a65,23
ml-group:d1ed7f6aeb34d5c19d62b565,1
ml-group:d1ef46d135a2f169d04fbecb,1
ml-group:d2211891ab616be45fffb9f2,8
ml-group:d234d2bfb88ee2381d85fc90,6
ml-group:d24cd56a575cc0ffc36ddd0f,2
ml-group:d26088de3e58ccf4f86b9efa,5
ml-group:d26af76ba8956654b5330ae7,1
ml-group:d293a24d4a96f22036127e81,20
ml-group:d2b551c16ba0cb7a8614a76f,2
ml-group:d2b8d4c9bafd9393a5293f1d,25
ml-group:d2bd9608cf785f51fd0e64dd,10
ml-group:d2dc0c735eccf6dcf0d6cb31,5
ml-group:d2f76493b3ed06b47b8f079a,1
ml-group:d2fe00fbfc9bb554862cd09f,2
ml-group:d31944a052848725760401da,1
ml-group:d353f6f8be3aabe56ac053b4,1
ml-group:d3751789108114fa988f60ab,2
ml-group:d37c59042893ecb2f043ecca,1
ml-group:d38e8dd3fd868075d71e5004,4
ml-group:d3a6e78bc977a8adecb21b66,10
ml-group:d3a755e941f18d3191ae6134,12
ml-group:d3a913c49de600e5ff1cc359,6
ml-group:d3ab3fb5a396efc16a8d751c,2
ml-group:d3daeaf0a2ac2ccfe927cc23,4
ml-group:d3f53baca7e61d00d77cc173,1
ml-group:d40848dede535b4fa1c2d1d6,1
ml-group:d431aee89175c8fd5013c192,1
ml-group:d4396194a4b493fff2ea24ce,10
ml-group:d4a8e7f626201f587d3bec30,1
ml-group:d5243b9c0389dcc5c63d0172,1
ml-group:d52864b424dd0be6154c8326,3
ml-group:d5370dd7ece57174006dbe86,5
ml-group:d54bff83b23703d36b2b1b3e,1
ml-group:d54df0db88e5d11cbc26107e,42
ml-group:d58b4d28c36a0835d8f01b4a,2
ml-group:d5c3e39927bdad0d30b10c4d,1
ml-group:d633d1f42379991eb0787717,1
ml-group:d64b502e3f4b7db6a2e3b46c,58
ml-group:d662e3828aa5be4cc7d24b06,1
ml-group:d6c2f36f5ac8cf809b77b486,2
ml-group:d6ddc317a5c80d77bf6c9b0c,2
ml-group:d6eec409047e8a60cb709f59,29
ml-group:d72ae7b92ade7ad32fb5050a,69
ml-group:d74c067f58450f1fdeac9719,1
ml-group:d7cf6b5f9cb3fadf4763a44b,18
ml-group:d7cffa4d64896bf8ffb0e452,2
ml-group:d86d5103519caf61e4e23e5f,1
ml-group:d87c72b0e35ea92ce477d041,19
ml-group:d8dda91b2f7686a868b164b1,1
ml-group:d8df367434d8571196d039d6,8
ml-group:d8f6ff82725edc3a7da56141,5
ml-group:d90ba0d064fa10d7fee4e40f,1
ml-group:d90ec8d89f445119737444f4,4
ml-group:d91183dd12aed8efc1566051,5
ml-group:d9168f18fb681228e9c30ae9,20
ml-group:d91de9f084b27b3d1bade406,5
ml-group:d94703ab5a9ea16424e757ce,1
ml-group:d97220c0f95cc031cab2f4fe,5
ml-group:d999bb4a160972b8a664a49e,1
ml-group:d9ce1e5cd9d383e63149124a,1
ml-group:d9eca378c1e81aaf886bca42,15
ml-group:d9f7125d9fe15c0b40438646,5
ml-group:da09e26722f5d871f94349b0,1
ml-group:da0fdf8ab2d48924665227e3,1
ml-group:da1bcd3a1b6a243bfc8aef0b,6
ml-group:da24a2da8d6b3948d735fd74,1
ml-group:da3f1162c3eb5c47a0f05116,13
ml-group:da4b5440c455288bf051465f,2
ml-group:da794f394f930d78a1709da1,9
ml-group:daac062bdeb259d1074ce4b6,1
ml-group:dae76964fb4d62647963b172,1
ml-group:db21d03329cfe3c97ec6e05e,1
ml-group:db53f11af652d61c5bbd942a,3
ml-group:db63c02676e9b6eaace0162f,1
ml-group:dbb67af65c340062fea744ff,1
ml-group:dbc50ff31d0ddf264fb6a9c3,2
ml-group:dbd0f8cc09f0a0a2fdb739e4,1
ml-group:dbee6b2591d4232a8742a8db,3
ml-group:dbfb74c6ca09556e49dfd4a4,8
ml-group:dc0706ecc65111789d594fcd,1
ml-group:dc261c2d970fa4cb4dfb4889,2
ml-group:dc48d51b397b95dec1ff7c5e,7
ml-group:dc74b32232c09c9b00985374,7
ml-group:dc795caf9d2ac3dfcadce611,1
ml-group:dc93f049229c6e19ae596a1f,85
ml-group:dc9489ccdd5bdbb032d149ee,3
ml-group:dca1c14965054ab3209e551f,2
ml-group:dcadb6f2f308e8e27456ae88,15
ml-group:dcb1a6694fc21db627306379,5
ml-group:dcc07b7224b4878290b5ffad,3
ml-group:dcc249e3d75bf7756f3e144e,5
ml-group:dcc2b79136d8e2e51cf048fa,26
ml-group:dcd156731194431db99dff0d,4
ml-group:dcee0ca84359ed73d7a0c617,3
ml-group:dd04995728cda0491960e807,2
ml-group:dd05e888fb7aefa1ed0d22e1,5
ml-group:dd0829a15487bf5b2ffd5c17,22
ml-group:dd0c4354b6d096c06bf7d563,1
ml-group:dd2b4f25adfe9dfffceb76f0,3
ml-group:dd4b3cf438c59d8e381e6985,1
ml-group:dd748c580d4836096b12c09c,9
ml-group:dda069acd7f440b0e1608452,2
ml-group:ddc8cadb93f7d55dc60ab56c,10
ml-group:dde1594360cd720ab329f058,1
ml-group:ddffa5a4a3380cb4e2c20917,1
ml-group:de2759bf3367720eafdc6eec,2
ml-group:de27a17cb814101305c1a22a,2
ml-group:de3bf99ca677d5eff3392d2b,1
ml-group:de4b6ff808b55916c52ccae7,1
ml-group:de5c11456d6521e3fc3d479e,1
ml-group:de78a8c77dfe8a93011d16ce,3
ml-group:de8d051717c773370a2017cc,3
ml-group:deabc74d8baefd9882c7a83e,5
ml-group:decefb0406acd5a1ee7ed444,1
ml-group:ded3eaaf5de4a50098f61b65,58
ml-group:dee0ea4e8733639d9396c1d7,2
ml-group:df0298540aa1f95eff180d3a,2
ml-group:df479ab31150b21f73823747,9
ml-group:df49b1aa3f7d54c967e40fc6,4
ml-group:df4a73b6a0e7c3d72343cb82,2
ml-group:df520fb3093991f74506656b,8
ml-group:df594df8e7171b655781f093,1
ml-group:df79f8286f4ad52271fbe519,1
ml-group:df9c5dec5789f7d41e85a74b,2
ml-group:dfb574df37524ae5858a1bc3,1
ml-group:dfb8b82133c6836ff6c61575,1
ml-group:dfd661e593c9f4872d8ba2cb,3
ml-group:dfe55e8c6cc51d0b33c9b37e,7
ml-group:e002a029f21f70850aa6d653,2
ml-group:e0086d9e08086b6eb9e7c3ef,2
ml-group:e009d8fd4aee909d5d1c36d0,4
ml-group:e00e0a16fae717f10df5089c,1
ml-group:e017d7db30da6ac3a86d971f,1
ml-group:e0408f4a51ec0ec44a466ec0,1
ml-group:e06496eda593af557185ab15,2
ml-group:e06ae49edd0853b952aad25e,86
ml-group:e0ba9fb064a8a9fba5c986f8,2
ml-group:e0be8a7b9d1f224ed3c181b6,86
ml-group:e0c0fd024ad69a39b4549ef1,22
ml-group:e0e354bce909e3d41439de7b,4
ml-group:e0ee001b4f11c79135fa8647,118
ml-group:e110de5fae6081c5d8fdcfa4,1
ml-group:e1213792a70163729d324364,2
ml-group:e127dbf951a6f9778822c51f,1
ml-group:e12ff861d660eed8f803000d,2
ml-group:e149d8470ebbe36e4a0b59ae,14
ml-group:e16a6ba09ee45598ad24caac,22
ml-group:e1871a80634789c795423ece,149
ml-group:e19ae93dbf081a9c95f44b58,4
ml-group:e19e059af71b892e465625d7,2
ml-group:e1a7e7d79d4010afe25a5ca6,8
ml-group:e1ac0f636d8a499ace3cf782,38
ml-group:e1df1e26ae6b3fcb0d9e4fe9,1
ml-group:e200f52c3652bc1ef6906bda,39
ml-group:e239ab4fc41b575cbb2fd72b,3
ml-group:e246f7d3d8e47aca2a2e713d,10
ml-group:e25b50deeb109ae974bd1151,3
ml-group:e26689b2bd2846977c6f073a,1
ml-group:e28aaa4d1ed3536ad884b39c,1
ml-group:e29eb6f86333f305c1ebf9af,2
ml-group:e2b3e0feb3ba2edb0db5c9ab,1
ml-group:e2bfbe8b346b7621ca3197bd,1
ml-group:e2f54704c885f8a9bc1e6278,1
ml-group:e31a4def69cb83181a9aeff8,5
ml-group:e325f65e546df1a22b7a1e9b,1
ml-group:e33271ace813a5c804d1e7c6,4
ml-group:e3475f9aae92a47aa3a32645,23
ml-group:e37187b19000a5d45b45a439,30
ml-group:e38a100d88cedd0c471c3940,1
ml-group:e391dac87abde781fc6cc1b8,2
ml-group:e3b04cecf37adbe1f31e41a3,6
ml-group:e3e91f3008cbb782e4b40786,3
ml-group:e41ae9cc9432d2810b1a3ba9,32
ml-group:e42fabda6e1a3a9fc388e4ca,4
ml-group:e4561a1d73e2d4db5b703448,5
ml-group:e467e085036f8bb61d1bdfd2,9
ml-group:e479658d8a9ea8542b511a4f,3
ml-group:e47d23877b220d505bc6b13c,1
ml-group:e48b002b557c48866225951e,3
ml-group:e49bd02da3ed7e10ed566f8a,2
ml-group:e4ce6ab0010aebadefccbfc1,1
ml-group:e4f4683a3a46df2e4f891660,2
ml-group:e510d3d32ebedc3faa01cf2d,1
ml-group:e52f7c0625ec121dd1a8054d,1
ml-group:e537811f8fbafb58c656c4e4,1
ml-group:e5473b944d29c6c9e540cf6f,1
ml-group:e56462062593c20fef705cb6,1
ml-group:e5721380f6cb8df932f11793,1
ml-group:e57481a84a7a56734be2fe19,1
ml-group:e58090f91f12848f85b3f599,5
ml-group:e592dc7f0135b2a20fcfa1f5,1
ml-group:e5b431ab6e1b75015e9a4161,6
ml-group:e5bc54905b2dd63a5413cd6e,6
ml-group:e5da4e6f665aca9eafa3d2e5,7
ml-group:e5f14664a9c523e5ab317fd0,2
ml-group:e5fd5ff23e08fa4d85a888f0,161
ml-group:e607799a1a96ba8923d6045b,5
ml-group:e612c9b6e0a3ec61aa2348a2,1
ml-group:e675a314fd92471fe6221641,3
ml-group:e677a8a992e273ea7b82a339,2
ml-group:e681eaf9dae38506062708b1,1
ml-group:e687f792289bd77590d6dac1,1
ml-group:e68e55685607c566e1a13c52,2
ml-group:e6d848f1fdbbd2268ffc35a1,2
ml-group:e6e8cb04bd08fba33f6b2ac5,4
ml-group:e73614cfd69d191199b3587e,2
ml-group:e7377d1f0cf54a1d5cffc2ac,2
ml-group:e751624e926e7ac7404bb09c,16
ml-group:e75c19bde33a0a0b5f77669f,13
ml-group:e77f7c603815be68dfd4902c,1
ml-group:e7839fb9b8f7f59dff5c46f1,13
ml-group:e7abb7b7079d351782be899a,1
ml-group:e7b8b918103e8ff1ed0e56b5,1
ml-group:e7d51ec257387908690c056c,5
ml-group:e7d7503cea250a706a27ab6f,2
ml-group:e7df1e43f3012860fb501f57,4
ml-group:e80e7fc56ae9b6575df7fdc2,1
ml-group:e80e80cb47c78d38101f4c96,2
ml-group:e80f01fb50ea992b9d7cfbdd,3
ml-group:e81a2b15f6de7c7e0f5348e2,6
ml-group:e837911de0406bb7aaca9b11,7
ml-group:e8583c4c7af3948d4d12f591,2
ml-group:e85c6a7db7d009281da1ced2,38
ml-group:e8607905bfce908dfe6fc287,1
ml-group:e8856d1db70d8176b07a8774,1
ml-group:e89a50c9135f8a2cf35daeb3,1
ml-group:e8c9ca3ba9e8f67b114d6095,2
ml-group:e8ca965ca181afeeaf469924,17
ml-group:e8d509a63b65d2c115c3bf97,1
ml-group:e8e0d1204be9c22ff0b77499,1
ml-group:e8e40fe8682d9b08a1289dd3,2
ml-group:e9002f71875d4fb442ed5277,5
ml-group:e917cf393935dd7635c529d5,1
ml-group:e93ae457e959cfa6d5b6cb4d,2
ml-group:e945f291ac401db694ad0998,1
ml-group:e981fe041fc2b97b502d6f10,6
ml-group:e9ab8927212edfa067e69b58,3
ml-group:e9cb9b40ec79e50bb35784fc,1
ml-group:e9dfc8d1a3948a58470ca33f,1
ml-group:e9e664100218442180a5cb6a,1
ml-group:ea1e1b0e4658b773c3a0c530,1
ml-group:ea266801b8f410f4710654cb,11
ml-group:eab719a45c023d1831699f9a,4
ml-group:ead52e7b74ad9b1e813911ca,3
ml-group:eb04ab6fc52afaf01617893c,15
ml-group:eb2bfbf0e849e2a961b6ce0b,1
ml-group:eb2c11a09c820747b3d35229,3
ml-group:eb3e99be0a745f84cd47ed2d,2
ml-group:eb98a0520b965323c5d5d0a5,46
ml-group:ebaf074284b9d6ce62df7fab,8
ml-group:ebaf6fb8c59d9df36024eefd,1
ml-group:ebbc342d54f47069ecd0904f,1
ml-group:ebbefeae06896872bf183943,1
ml-group:ebc08bf61063f47c0bec598f,22
ml-group:ebc3686f03c294b1e1b2ed51,3
ml-group:ec01e3127ec762ded39c916e,5
ml-group:ec28a0b38d1f5d23697c9aab,9
ml-group:ec54ea23bda3726e27dc4256,2
ml-group:ec7f26f2e904269c01ec090a,13
ml-group:ec932763bb7612091560114a,2
ml-group:ecca70849b9a0e32b566e9a6,19
ml-group:ece4d2e08aa88e2e578e2dfe,1
ml-group:ed0dbc91a770d08d6fd8154b,2
ml-group:ed1fe64c4380afa5bb912528,6
ml-group:ed76da4dc7278a68f4fcda47,1
ml-group:ed9de1bc46ce64011038cbf7,2
ml-group:edabaae853cc17c958ae7e8e,27
ml-group:edc12d6c71eec3a6e6b6fa31,10
ml-group:edcf29ad710202044f79e603,2
ml-group:eddb07d7799a72631c83e3c5,3
ml-group:eddd8fdf69226a62ea335eb6,100
ml-group:edf0ed5f0f3065ceb4b2290f,2
ml-group:ee16f40a8603d7b86d5d8d37,9
ml-group:ee2a50040e12c709b73d7560,4
ml-group:ee2c08d409c48d9d4e243121,30
ml-group:ee82a425ff1d33ee1e7274c4,8
ml-group:ee975888b36aadb71f13f75f,1
ml-group:eece8c442235e330effae4c2,3
ml-group:ef037af943fbddb1ef6ece4f,1
ml-group:ef327f88ffbea6e0c0e43fd9,4
ml-group:ef70f7cbce211f00c3743fd4,1
ml-group:ef722a789ed7e8c18c5d8247,4
ml-group:ef844801a5a34bef972e8f13,4
ml-group:efc0f508dcd4f0928a9bea4b,7
ml-group:efc39fded30582efb5aa9f71,1
ml-group:f00c133b1c38ef9cfd8486c5,1
ml-group:f01e130f9f284f0a403d98c6,2
ml-group:f01ea70c5fb89e11bf29dbc2,5
ml-group:f03859ccb3b88eca7f73d422,1
ml-group:f03c430f5bd798920d158e25,1
ml-group:f03d5ecbd5ee48383a0f33da,2
ml-group:f055c7106e554b91c5086a0b,7
ml-group:f0a6a7a3ae71e5865eea0278,21
ml-group:f0e3886484108f86df6378d9,1
ml-group:f0f2e3e4e778bf107ff83b21,20
ml-group:f103209b1cfe24fc15966d4e,34
ml-group:f12f363f58cd84d09c8f0595,1
ml-group:f13b12d7d3e78915e303cee2,2
ml-group:f13d2ac3a8fefef8cba79f9d,6
ml-group:f170bfcaef3f704a7ff3992f,6
ml-group:f19de537bfd1835a6fe1834b,10
ml-group:f1bd7af4d9dd5119aaadb7e9,4
ml-group:f1eb9d4d34b0e5ecf80e618c,3
ml-group:f207dfd33e8458ecea9c8e0a,5
ml-group:f208352ef5e4374f7e76196c,1
ml-group:f21794ef214ab599b697d8b3,3
ml-group:f234a2e18e84fdfe262e9477,1
ml-group:f24f4fcc4cc75e6300c2ec83,1
ml-group:f25a0935d20a4e3829b73bc5,10
ml-group:f2c8c207720555f38c498ba8,1
ml-group:f2d9d477a3bdf2bb13159f1d,111
ml-group:f2da8a395285909c45f2c2eb,3
ml-group:f2edead253348c7b3e0f011a,1
ml-group:f3549eed2b1d825ba637f406,20
ml-group:f35a1dc9b1d5dec8e2320d75,60
ml-group:f360000f940b1ff355d0792d,8
ml-group:f367d2338a8aeaab9001b55d,21
ml-group:f36fedd7abb401df06d2ba7a,2
ml-group:f37ab556382bc2df09600e48,3
ml-group:f3e192e60d00317914b8488a,5
ml-group:f3e6261e890eddc7bdc9bb18,13
ml-group:f3ec0697bc38ce9ae7a204c4,9
ml-group:f4428da116baba489cddd989,40
ml-group:f46460381198de5b1e54b82c,1
ml-group:f4886c59b760dd4995011a8d,6
ml-group:f4a2e8c69bc6478969284021,4
ml-group:f4a31be03274b424a5a2429d,1
ml-group:f4b5c34227eb5597ba506b98,2
ml-group:f4c917bf5becb09c85c14b2f,3
ml-group:f4c974ea7f352df4d9df8fcf,10
ml-group:f4efba937c23af2a5fdac328,1
ml-group:f501f22c3fbff424c40fe553,29
ml-group:f5197d9575fadb25b7c75e3a,9
ml-group:f546d27283c18081eebb755b,4
ml-group:f547485059dc3f9bdf2d49df,2
ml-group:f5ae5a696048bd0babae7ccb,2
ml-group:f5bc01b8e860800eea85a4d9,5
ml-group:f5cd4e9ef972e70089209702,3
ml-group:f5d45426d4ede285a6ac4b9f,7
ml-group:f6110af7d626e3cdf1507203,6
ml-group:f631af4eda0ac1f869d0d920,5
ml-group:f63b26cae5edbae5ca7e9a67,2
ml-group:f6498805dc46c0053bf01266,1
ml-group:f661d3c1a528763bf488d1b5,1
ml-group:f6871854c7a3b871d16fe7ef,1
ml-group:f74978d02f3b0c09d25435da,11
ml-group:f78512318ecfd2e5612011ef,1
ml-group:f793ac0d26aad3bcfe10cd00,3
ml-group:f79a8eb35f8c3b23d38114b2,2
ml-group:f79ec29c3392bd2cd821aac0,12
ml-group:f7c2322a369ec2eec69a4ca3,42
ml-group:f813384a4c5fab94e37ca853,1
ml-group:f82a02901e8490d66a14217e,3
ml-group:f82a6583fb2b6834d6875d99,2
ml-group:f84383e855e996f0e1006f03,1
ml-group:f84c8c9c1ea8737ab671ff1f,47
ml-group:f852256eef76aca653a4e403,2
ml-group:f852884e0c6ede8389e70745,2
ml-group:f864a8684ca751a4d2515363,1
ml-group:f8712e669b8dc22e963014eb,4
ml-group:f89096d358ec42cb825fdda7,7
ml-group:f8a98a7ff82bc5809c2badb7,1
ml-group:f8b5ac8b506991a28e89330d,15
ml-group:f8e3695e2d0c3665a094b01d,1
ml-group:f90c25e11eca12cb046d1f93,1
ml-group:f91072ea7c1e9bab9a568748,18
ml-group:f917736e1d581097af968230,9
ml-group:f92112e345a1215aa58b1958,2
ml-group:f99beed2bb25bac3d14d22be,27
ml-group:f9d6d3ac08cf3baa4d9fbdd8,1
ml-group:f9dd4c6114faddc31ea5b98f,11
ml-group:fa08101f3592fedcb21cf4eb,19
ml-group:fa2ee8d89e77ea0b137d8f9a,1
ml-group:fa32bcc2ac533cb1077040a2,3
ml-group:fa611f8b444b6569537aedef,14
ml-group:fb433c99cdaf1369c0704a7e,1
ml-group:fb786b01ee27b3f4e5b200ea,8
ml-group:fb98d961c086402416d60860,2
ml-group:fb9e456f7fd504c74e77ce9b,5
ml-group:fbe00c5a2a7d6603bd795759,3
ml-group:fc019f95ae23b2eed8fb4f7d,3
ml-group:fc0b1d838ac01c0e3d4b17f4,60
ml-group:fc2b41f2f87f3b1b4ff0e09f,3
ml-group:fc397952c26193e5ed11b9a4,2
ml-group:fc479965b5a940a0389de791,4
ml-group:fc4cc2f50d22384da753ee8e,1
ml-group:fc997c9b6b7394e674a22172,1
ml-group:fce1f56b3b574c9197fd171c,1
ml-group:fd0f769203d40447b7da9040,1
ml-group:fd124a3468a3c5b4664c8bf8,2
ml-group:fd1cca57ea0354ed62f46c54,30
ml-group:fd547c7515fe85ceb3c18d59,81
ml-group:fdb44a9533d3be900f29fedd,4
ml-group:fdc1a4118441a9c7cb395e5c,4
ml-group:fdf0da4f49375bd14e003f0a,4
ml-group:fe3d3f5eae3a61d4ebbd4b95,12
ml-group:fe40d8688313cd994c1fb94f,248
ml-group:fe821715f7642d6610174e99,3
ml-group:fe828c76d75a417fcd8b707d,5
ml-group:fe94e5dd1b11877c60ad3860,24
ml-group:feb80657fe77218d9366a3ab,3
ml-group:fec85b5340234d450794cc7a,4
ml-group:ff06833d65cafed160cf8901,1
ml-group:ff3760a3625995358c511c47,22
ml-group:ff432723abb04d0ac1fd4655,14
ml-group:ff648ac715fcc71241c3604f,1
ml-group:ff7e2937c6bc265b1f7a4069,2
ml-group:ffc7d5250152fd9c522c529b,9
ml-group:ffee8901ce9f556ea47e0211,1
